bookId,title,authors,averageRating,isbn,isbn13,languageCode,numPages,ratingsCount,textReviewsCount,publicationDate,publisher,createdAt,updatedAt
1,Harry Potter and the Half-Blood Prince (Harry Potter  #6),J.K. Rowling/Mary GrandPré,4.57,439785960,9.78044E+12,eng,652,2095690,27591,9/16/06,Scholastic Inc.,4/15/20 11:06,4/15/20 11:06
2,Harry Potter and the Order of the Phoenix (Harry Potter  #5),J.K. Rowling/Mary GrandPré,4.49,439358078,9.78044E+12,eng,870,2153167,29221,9/1/04,Scholastic Inc.,4/15/20 11:06,4/15/20 11:06
4,Harry Potter and the Chamber of Secrets (Harry Potter  #2),J.K. Rowling,4.42,439554896,9.78044E+12,eng,352,6333,244,11/1/03,Scholastic,4/15/20 11:06,4/15/20 11:06
5,Harry Potter and the Prisoner of Azkaban (Harry Potter  #3),J.K. Rowling/Mary GrandPré,4.56,043965548X,9.78044E+12,eng,435,2339585,36325,5/1/04,Scholastic Inc.,4/15/20 11:06,4/15/20 11:06
8,Harry Potter Boxed Set  Books 1-5 (Harry Potter  #1-5),J.K. Rowling/Mary GrandPré,4.78,439682584,9.78044E+12,eng,2690,41428,164,9/13/04,Scholastic,4/15/20 11:06,4/15/20 11:06
9,"Unauthorized Harry Potter Book Seven News: ""Half-Blood Prince"" Analysis and Speculation",W. Frederick Zimmerman,3.74,976540606,9.78098E+12,en-US,152,19,1,4/26/05,Nimble Books,4/15/20 11:06,4/15/20 11:06
10,Harry Potter Collection (Harry Potter  #1-6),J.K. Rowling,4.73,439827604,9.78044E+12,eng,3342,28242,808,9/12/05,Scholastic,4/15/20 11:06,4/15/20 11:06
12,The Ultimate Hitchhiker's Guide: Five Complete Novels and One Story (Hitchhiker's Guide to the Galaxy  #1-5),Douglas Adams,4.38,517226952,9.78052E+12,eng,815,3628,254,11/1/05,Gramercy Books,4/15/20 11:06,4/15/20 11:06
13,The Ultimate Hitchhiker's Guide to the Galaxy (Hitchhiker's Guide to the Galaxy  #1-5),Douglas Adams,4.38,345453743,9.78035E+12,eng,815,249558,4080,4/30/02,Del Rey Books,4/15/20 11:06,4/15/20 11:06
14,The Hitchhiker's Guide to the Galaxy (Hitchhiker's Guide to the Galaxy  #1),Douglas Adams,4.22,1400052920,9.7814E+12,eng,215,4930,460,8/3/04,Crown,4/15/20 11:06,4/15/20 11:06
16,The Hitchhiker's Guide to the Galaxy (Hitchhiker's Guide to the Galaxy  #1),Douglas Adams/Stephen Fry,4.22,739322206,9.78074E+12,eng,6,1266,253,3/23/05,Random House Audio,4/15/20 11:06,4/15/20 11:06
18,The Ultimate Hitchhiker's Guide (Hitchhiker's Guide to the Galaxy  #1-5),Douglas Adams,4.38,517149257,9.78052E+12,eng,815,2877,195,1/17/96,Wings Books,4/15/20 11:06,4/15/20 11:06
21,A Short History of Nearly Everything,Bill Bryson,4.21,076790818X,9.78077E+12,eng,544,248558,9396,9/14/04,Broadway Books,4/15/20 11:06,4/15/20 11:06
22,Bill Bryson's African Diary,Bill Bryson,3.44,767915062,9.78077E+12,eng,55,7270,499,12/3/02,Broadway Books,4/15/20 11:06,4/15/20 11:06
23,Bryson's Dictionary of Troublesome Words: A Writer's Guide to Getting It Right,Bill Bryson,3.87,767910435,9.78077E+12,eng,256,2088,131,9/14/04,Broadway Books,4/15/20 11:06,4/15/20 11:06
24,In a Sunburned Country,Bill Bryson,4.07,767903862,9.78077E+12,eng,335,72451,4245,5/15/01,Broadway Books,4/15/20 11:06,4/15/20 11:06
25,I'm a Stranger Here Myself: Notes on Returning to America After Twenty Years Away,Bill Bryson,3.9,076790382X,9.78077E+12,eng,304,49240,2211,6/28/00,Broadway Books,4/15/20 11:06,4/15/20 11:06
26,The Lost Continent: Travels in Small Town America,Bill Bryson,3.83,60920084,9.78006E+12,eng,299,45712,2257,8/28/90,William Morrow Paperbacks,4/15/20 11:06,4/15/20 11:06
27,Neither Here nor There: Travels in Europe,Bill Bryson,3.86,380713802,9.78038E+12,eng,254,48701,2238,3/28/93,William Morrow Paperbacks,4/15/20 11:06,4/15/20 11:06
28,Notes from a Small Island,Bill Bryson,3.91,380727501,9.78038E+12,eng,324,80609,3301,5/28/97,William Morrow Paperbacks,4/15/20 11:06,4/15/20 11:06
29,The Mother Tongue: English and How It Got That Way,Bill Bryson,3.93,380715430,9.78038E+12,eng,270,28489,2085,9/28/91,William Morrow Paperbacks,4/15/20 11:06,4/15/20 11:06
30,J.R.R. Tolkien 4-Book Boxed Set: The Hobbit and The Lord of the Rings,J.R.R. Tolkien,4.59,345538374,9.78035E+12,eng,1728,101233,1550,9/25/12,Ballantine Books,4/15/20 11:06,4/15/20 11:06
31,The Lord of the Rings (The Lord of the Rings  #1-3),J.R.R. Tolkien,4.5,618517650,9.78062E+12,eng,1184,1710,91,10/21/04,Houghton Mifflin Harcourt,4/15/20 11:06,4/15/20 11:06
34,The Fellowship of the Ring (The Lord of the Rings  #1),J.R.R. Tolkien,4.36,618346252,9.78062E+12,eng,398,2128944,13670,9/5/03,Houghton Mifflin Harcourt,4/15/20 11:06,4/15/20 11:06
35,The Lord of the Rings (The Lord of the Rings  #1-3),J.R.R. Tolkien/Alan  Lee,4.5,618260587,9.78062E+12,en-US,1216,1618,140,10/1/02,Houghton Mifflin Harcourt,4/15/20 11:06,4/15/20 11:06
36,The Lord of the Rings: Weapons and Warfare,Chris   Smith/Christopher  Lee/Richard Taylor,4.53,618391002,9.78062E+12,eng,218,19822,46,11/5/03,Houghton Mifflin Harcourt,4/15/20 11:06,4/15/20 11:06
37,The Lord of the Rings: Complete Visual Companion,Jude Fisher,4.5,618510826,9.78062E+12,eng,224,359,6,11/15/04,Houghton Mifflin Harcourt,4/15/20 11:06,4/15/20 11:06
45,Agile Web Development with Rails: A Pragmatic Guide,Dave Thomas/David Heinemeier Hansson/Leon Breedt/Mike Clark/Thomas  Fuchs/Andreas  Schwarz,3.84,097669400X,9.78098E+12,eng,558,1430,59,7/28/05,Pragmatic Bookshelf,4/15/20 11:06,4/15/20 11:06
50,Hatchet (Brian's Saga  #1),Gary Paulsen,3.72,689840926,9.78069E+12,eng,208,270244,12017,4/1/00,Atheneum Books for Young Readers: Richard Jackson Books,4/15/20 11:06,4/15/20 11:06
51,"Hatchet: A Guide for Using ""Hatchet"" in the Classroom",Donna Ickes/Edward Sciranko/Keith Vasconcelles,4,1557344493,9.78156E+12,eng,48,36,2,8/28/94,Teacher Created Resources,4/15/20 11:06,4/15/20 11:06
53,Guts: The True Stories behind Hatchet and the Brian Books,Gary Paulsen,3.88,385326505,9.78039E+12,eng,144,2067,334,1/23/01,Delacorte Press,4/15/20 11:06,4/15/20 11:06
54,Molly Hatchet - 5 of the Best,Molly Hatchet,4.33,1575606240,9.78158E+12,eng,56,6,0,6/10/03,Cherry Lane Music Company,4/15/20 11:06,4/15/20 11:06
55,Hatchet Jobs: Writings on Contemporary Fiction,Dale Peck,3.45,1595580271,9.7816E+12,en-US,228,99,16,11/1/05,The New Press,4/15/20 11:06,4/15/20 11:06
57,A Changeling for All Seasons (Changeling Seasons #1),Angela Knight/Sahara Kelly/Judy Mays/Marteeka Karland/Kate Douglas/Shelby Morgen/Lacey Savage/Kate Hill/Willa Okati,3.76,1595962808,9.7816E+12,eng,304,167,4,11/1/05,Changeling Press,4/15/20 11:06,4/15/20 11:06
58,Changeling (Changeling  #1),Delia Sherman,3.6,670059676,9.78067E+12,eng,256,978,111,8/17/06,Viking Juvenile,4/15/20 11:06,4/15/20 11:06
59,The Changeling Sea,Patricia A. McKillip,4.06,141312629,9.78014E+12,eng,137,4454,302,4/14/03,Firebird,4/15/20 11:06,4/15/20 11:06
61,The Changeling,Zilpha Keatley Snyder,4.17,595321801,9.7806E+12,eng,228,1176,96,6/8/04,iUniverse,4/15/20 11:06,4/15/20 11:06
63,The Changeling,Kate Horsley,3.55,1590301943,9.78159E+12,eng,339,301,43,4/12/05,Shambhala,4/15/20 11:06,4/15/20 11:06
66,The Changeling (Daughters of England  #15),Philippa Carr,3.98,449146979,9.78045E+12,eng,369,345,12,8/28/90,Ivy Books,4/15/20 11:06,4/15/20 11:06
67,The Known World,Edward P. Jones,3.83,61159174,9.78006E+12,eng,388,29686,2626,8/29/06,Amistad,4/15/20 11:06,4/15/20 11:06
68,The Known World,Edward P. Jones/Kevin R. Free,3.83,006076273X,9.78006E+12,en-US,14,55,12,6/15/04,HarperAudio,4/15/20 11:06,4/15/20 11:06
69,The Known World,Edward P. Jones,3.83,60749911,9.78006E+12,eng,576,22,3,6/15/04,Harper,4/15/20 11:06,4/15/20 11:06
71,Traders  Guns & Money: Knowns and Unknowns in the Dazzling World of Derivatives,Satyajit Das,3.83,273704745,9.78027E+12,eng,334,1456,82,5/15/06,FT Press,4/15/20 11:06,4/15/20 11:06
72,Artesia: Adventures in the Known World,Mark Smylie,4.13,1932386106,9.78193E+12,eng,352,52,4,12/14/05,Archaia,4/15/20 11:06,4/15/20 11:06
74,The John McPhee Reader (John McPhee Reader  #1),John McPhee/William Howarth,4.42,374517193,9.78037E+12,eng,416,562,37,6/1/82,Farrar  Straus and Giroux,4/15/20 11:06,4/15/20 11:06
75,Uncommon Carriers,John McPhee,3.95,374280398,9.78037E+12,en-US,248,1630,203,5/16/06,Farrar Straus Giroux,4/15/20 11:06,4/15/20 11:06
76,Heirs of General Practice,John McPhee,4.17,374519749,9.78037E+12,eng,128,268,22,4/1/86,Farrar  Straus and Giroux,4/15/20 11:06,4/15/20 11:06
77,The Control of Nature,John McPhee,4.24,374522596,9.78037E+12,en-US,288,3498,305,9/1/90,Farrar  Straus and Giroux,4/15/20 11:06,4/15/20 11:06
78,Annals of the Former World,John McPhee,4.34,374518734,9.78037E+12,eng,720,3115,228,1/6/99,Farrar  Straus and Giroux,4/15/20 11:06,4/15/20 11:06
79,Coming Into the Country,John McPhee,4.22,374522871,9.78037E+12,eng,448,5704,261,4/1/91,Farrar  Straus and Giroux,4/15/20 11:06,4/15/20 11:06
80,La Place de la Concorde Suisse,John McPhee,3.92,374519323,9.78037E+12,fre,160,698,52,4/1/94,Farrar  Straus and Giroux,4/15/20 11:06,4/15/20 11:06
81,Giving Good Weight,John McPhee,4.23,374516006,9.78037E+12,eng,288,542,36,4/1/94,Farrar  Straus and Giroux,4/15/20 11:06,4/15/20 11:06
83,Rising from the Plains,John McPhee,4.23,374520658,9.78037E+12,eng,208,1341,98,11/1/87,Farrar  Straus and Giroux,4/15/20 11:06,4/15/20 11:06
85,The Heidi Chronicles,Wendy Wasserstein,3.75,822205106,9.78082E+12,eng,81,1423,70,3/1/02,Dramatists Play Service,4/15/20 11:06,4/15/20 11:06
86,The Heidi Chronicles: Uncommon Women and Others & Isn't It Romantic,Wendy Wasserstein,3.84,679734996,9.78068E+12,eng,249,2766,64,7/2/91,Vintage,4/15/20 11:06,4/15/20 11:06
89,Active Literacy Across the Curriculum: Strategies for Reading  Writing  Speaking  and Listening,Heidi Hayes Jacobs,3.94,1596670231,9.7816E+12,eng,138,31,1,3/29/06,Routledge,4/15/20 11:06,4/15/20 11:06
90,Simply Beautiful Beaded Jewelry,Heidi Boyd,3.77,1581807740,9.78158E+12,en-US,128,62,4,3/14/06,North Light Books,4/15/20 11:06,4/15/20 11:06
91,Always Enough: God's Miraculous Provision Among the Poorest Children on Earth,Heidi Baker/Rolland Baker,4.46,800793617,9.7808E+12,eng,192,860,53,9/1/03,Chosen Books,4/15/20 11:06,4/15/20 11:06
92,Mapping the Big Picture: Integrating Curriculum & Assessment K-12,Heidi Hayes Jacobs,3.68,871202867,9.78087E+12,en-US,108,77,2,1/28/97,Association for Supervision & Curriculum Development,4/15/20 11:06,4/15/20 11:06
93,Heidi (Heidi  #1-2),Johanna Spyri/Beverly Cleary/Angelo  Rinaldi,3.99,753454947,9.78075E+12,eng,352,153317,2257,11/15/02,Kingfisher,4/15/20 11:06,4/15/20 11:06
94,Getting Results with Curriculum Mapping,Heidi Hayes Jacobs,3.25,871209993,9.78087E+12,eng,192,55,5,11/15/04,ASCD,4/15/20 11:06,4/15/20 11:06
96,There's Always Enough: The Miraculous Move of God in Mozambique,Rolland Baker/Heidi Baker,4.46,1852402873,9.78185E+12,eng,192,34,6,4/28/03,Sovereign World,4/15/20 11:06,4/15/20 11:06
98,What to Expect the First Year (What to Expect),Heidi Murkoff/Sharon Mazel/Arlene Eisenberg/Sandee Hathaway/Mark D. Widome,3.89,761129588,9.78076E+12,eng,832,11797,659,10/16/03,Workman Publishing Company,4/15/20 11:06,4/15/20 11:06
99,The Player's Handbook: The Ultimate Guide on Dating and Relationships,Heidi Fleiss/Libby Keatinge,3.82,972016414,9.78097E+12,eng,123,34,8,5/10/04,One Hour Entertainment,4/15/20 11:06,4/15/20 11:06
100,Simply Beautiful Beading: 53 Quick and Easy Projects,Heidi Boyd,3.78,1581805632,9.78158E+12,en-US,128,78,4,8/19/04,North Light Books,4/15/20 11:06,4/15/20 11:06
103,God Emperor of Dune (Dune Chronicles  #4),Frank Herbert,3.84,441294677,9.78044E+12,eng,423,2785,166,6/15/87,Ace Books,4/15/20 11:06,4/15/20 11:06
105,Chapterhouse: Dune (Dune Chronicles #6),Frank Herbert,3.91,441102670,9.78044E+12,eng,436,38778,568,7/1/87,Ace Books,4/15/20 11:06,4/15/20 11:06
106,Dune Messiah (Dune Chronicles #2),Frank Herbert,3.88,441172695,9.78044E+12,eng,331,97494,2359,7/15/87,Ace Books,4/15/20 11:06,4/15/20 11:06
107,Dreamer of Dune: The Biography of Frank Herbert,Brian Herbert,4.01,765306476,9.78077E+12,en-US,592,784,21,7/1/04,Tor Books,4/15/20 11:06,4/15/20 11:06
109,Heretics of Dune (Dune Chronicles  #5),Frank Herbert,3.86,399128980,9.7804E+12,eng,480,272,20,4/16/84,Putnam,4/15/20 11:06,4/15/20 11:06
110,The Road to Dune,Frank Herbert/Brian Herbert/Kevin J. Anderson,3.88,765353709,9.78077E+12,eng,426,4789,83,8/29/06,Tor Science Fiction,4/15/20 11:06,4/15/20 11:06
117,Heretics of Dune (Dune Chronicles #5),Frank Herbert,3.86,441328008,9.78044E+12,eng,471,45388,644,8/15/87,Ace Books,4/15/20 11:06,4/15/20 11:06
119,The Lord of the Rings: The Art of the Fellowship of the Ring,Gary Russell,4.59,618212906,9.78062E+12,eng,192,26153,102,6/12/02,Houghton Mifflin Harcourt,4/15/20 11:06,4/15/20 11:06
122,The Power of One (The Power of One  #1),Bryce Courtenay,4.35,034541005X,9.78035E+12,eng,544,69167,4551,9/29/96,Ballantine Books,4/15/20 11:06,4/15/20 11:06
123,The Power of One (The Power of One  #1),Bryce Courtenay,4.35,385732546,9.78039E+12,eng,291,45,13,9/13/05,Delacorte Books for Young Readers,4/15/20 11:06,4/15/20 11:06
129,The Power of One: One Person  One Rule  One Month,John C. Maxwell/Stephen R. Graves/Thomas G. Addington,4.28,785260056,9.78079E+12,en-US,256,16,1,11/1/04,Thomas Nelson,4/15/20 11:06,4/15/20 11:06
130,Power of an Hour: Business and Life Mastery in One Hour a Week,Dave Lakhani,3.34,471780936,9.78047E+12,eng,205,174,16,5/19/06,Wiley,4/15/20 11:06,4/15/20 11:06
131,The Power of One: The Solo Play for Playwrights  Actors  and Directors,Louis E. Catron,3.67,325001537,9.78033E+12,eng,240,10,0,2/7/00,Heinemann Drama,4/15/20 11:06,4/15/20 11:06
132,How to Buy  Sell & Profit on eBay: Kick-Start Your Home-Based Business in Just Thirty Days,Adam Ginsberg,3.48,006076287X,9.78006E+12,eng,336,76,9,5/3/05,William Morrow Paperbacks,4/15/20 11:06,4/15/20 11:06
133,eBay for Dummies,Marsha Collier,3.5,470045299,9.78047E+12,eng,386,111,9,10/30/06,Wiley,4/15/20 11:06,4/15/20 11:06
135,What to Sell on ebay and Where to Get It: The Definitive Guide to Product Sourcing for eBay and Beyond,Chris Malta/Lisa Suttora,3.62,72262788,9.78007E+12,eng,260,24,0,1/24/06,McGraw-Hill,4/15/20 11:06,4/15/20 11:06
137,Starting an eBay Business for Dummies,Marsha Collier,3.55,764569244,9.78076E+12,eng,384,55,4,9/17/04,Wiley,4/15/20 11:06,4/15/20 11:06
138,eBay: Top 100 Simplified Tips & Tricks,Julia Wilkinson,4.27,471933821,9.78047E+12,eng,260,9,0,6/6/06,Wiley,4/15/20 11:06,4/15/20 11:06
139,ebay Timesaving Techniques for Dummies,Marsha Collier,3.39,764559915,9.78076E+12,en-US,391,22,1,5/31/04,Wiley,4/15/20 11:06,4/15/20 11:06
140,eBay Business All-in-One Desk Reference for Dummies,Marsha Collier,3.89,764584383,9.78076E+12,en-US,864,17,3,4/25/05,Wiley,4/15/20 11:06,4/15/20 11:06
141,Ruby Cookbook,Lucas Carlson/Leonard Richardson,3.84,596523696,9.7806E+12,eng,873,166,4,7/29/06,O'Reilly Media,4/15/20 11:06,4/15/20 11:06
142,Ruby Ann's Down Home Trailer Park Cookbook,Ruby Ann Boxcar,4.12,806523492,9.78081E+12,eng,240,50,5,5/3/05,Citadel,4/15/20 11:06,4/15/20 11:06
144,Ruby Ann's Down Home Trailer Park BBQin' Cookbook,Ruby Ann Boxcar,4.08,806525363,9.78081E+12,eng,206,13,2,5/3/05,Citadel,4/15/20 11:06,4/15/20 11:06
147,Rails Cookbook: Recipes for Rapid Web Development with Ruby,Rob Orsini,3.48,596527314,9.7806E+12,eng,514,64,1,1/1/07,O'Reilly Media,4/15/20 11:06,4/15/20 11:06
151,Anna Karenina,Leo Tolstoy/Richard Pevear/Larissa Volokhonsky,4.05,143035002,9.78014E+12,eng,838,16643,1851,5/31/04,Penguin Classics,4/15/20 11:06,4/15/20 11:06
152,Anna Karenina,Leo Tolstoy/David Magarshack/Priscilla Meyer,4.05,451528611,9.78045E+12,eng,960,109420,5696,11/5/02,Signet,4/15/20 11:06,4/15/20 11:06
153,Anna Karenina,Leo Tolstoy/Richard Pevear/Larissa Volokhonsky/John Bayley,4.05,140449175,9.78014E+12,eng,837,2904,309,1/30/03,Penguin Books,4/15/20 11:06,4/15/20 11:06
154,CliffsNotes on Tolstoy's Anna Karenina,Marianne Sturman/Leo Tolstoy,3.85,822001837,9.78082E+12,eng,80,16,3,11/26/65,Cliffs Notes,4/15/20 11:06,4/15/20 11:06
155,Anna Karenina,Leo Tolstoy/Amy Mandelker/Constance Garnett,4.05,1593080271,9.78159E+12,eng,803,9564,726,7/1/03,Barnes & Noble Classics,4/15/20 11:06,4/15/20 11:06
156,Anna Karenina,Leo Tolstoy/Louise Maude/Aylmer Maude,4.05,486437965,9.78049E+12,eng,752,474,72,11/23/04,Dover Publications,4/15/20 11:06,4/15/20 11:06
157,Anna Karenina,Leo Tolstoy/Constance Garnett/Amy Mandelker,4.05,1593081774,9.78159E+12,eng,803,303,48,8/26/04,Barnes & Noble,4/15/20 11:06,4/15/20 11:06
159,Dinner with Anna Karenina,Gloria Goldreich,2.99,778322270,9.78078E+12,eng,360,411,65,1/28/06,Mira Books,4/15/20 11:06,4/15/20 11:06
160,Tolstoy: Anna Karenina,Anthony Thorlby,4.19,521313252,9.78052E+12,eng,128,1204,33,11/26/87,Cambridge University Press,4/15/20 11:06,4/15/20 11:06
162,Untouchable,Mulk Raj Anand/E.M. Forster,3.71,140183957,9.78014E+12,eng,160,3429,279,7/3/90,Penguin Books,4/15/20 11:06,4/15/20 11:06
163,The Untouchable,John Banville,3.95,679767479,9.78068E+12,eng,367,2163,216,6/30/98,Vintage,4/15/20 11:06,4/15/20 11:06
164,The Untouchables,Eliot Ness/Oscar Fraley,3.89,1568491980,9.78157E+12,eng,256,613,31,2/1/96,Buccaneer Books,4/15/20 11:06,4/15/20 11:06
165,Untouchables: My Family's Triumphant Journey Out of the Caste System in Modern India,Narendra Jadhav,3.82,743270797,9.78074E+12,en-US,320,308,40,9/27/05,Scribner,4/15/20 11:06,4/15/20 11:06
166,Dalit: The Black Untaouchables of India,V.T. Rajshekar/Y.N. Kly,4.2,932863051,9.78093E+12,eng,100,10,0,1/28/95,Clarity Press,4/15/20 11:06,4/15/20 11:06
168,Growing Up Untouchable in India: A Dalit Autobiography,Vasant Moon/Gail Omvedt/Eleanor Zelliot,3.65,742508803,9.78074E+12,eng,224,16,4,12/20/00,Rowman & Littlefield Publishers,4/15/20 11:06,4/15/20 11:06
171,The Evidence-Based Social Work Skills Book,Barry R. Cournoyer,3.4,205358624,9.78021E+12,eng,216,10,0,9/22/03,Pearson,4/15/20 11:06,4/15/20 11:06
177,"A Wrinkle in Time: A Guide for Using ""A Wrinkle in Time"" in the Classroom",John Carratello/Patty Carratello/Theresa Wright,4,1557344035,9.78156E+12,eng,48,17,0,9/28/91,Teacher Created Resources,4/15/20 11:06,4/15/20 11:06
180,Wrinkles in Time,George Smoot/Keay Davidson,4.01,380720442,9.78038E+12,eng,360,1035,23,10/1/94,Harper Perennial,4/15/20 11:06,4/15/20 11:06
181,A Wrinkle in Time: With Related Readings (A Wrinkle in Time Quintet #1),Madeleine L'Engle,4,821925326,9.78082E+12,eng,250,36,6,5/1/02,EMC/Paradigm Publishing,4/15/20 11:06,4/15/20 11:06
182,Literature Circle Guide: A Wrinkle in Time,Tara MacCarthy,3.6,043927169X,9.78044E+12,eng,32,15,0,1/1/02,Teaching Resources,4/15/20 11:06,4/15/20 11:06
201,Una arruga en el tiempo – A Wrinkle in Time,Madeleine L'Engle,4,606105263,9.78061E+12,spa,205,6,1,6/1/84,Turtleback Books,4/15/20 11:06,4/15/20 11:06
204,The Long Shadow (The Morland Dynasty  #6),Cynthia Harrod-Eagles,4.12,751506435,9.78075E+12,eng,367,376,17,6/1/94,Little  Brown Book Group,4/15/20 11:06,4/15/20 11:06
205,A Long Shadow (Inspector Ian Rutledge  #8),Charles Todd,4.11,006078671X,9.78006E+12,eng,352,3086,237,1/3/06,William Morrow,4/15/20 11:06,4/15/20 11:06
207,Long Way Round: Chasing Shadows Across the World,Ewan McGregor/Charley Boorman/Robert Uhlig,3.94,743499344,9.78074E+12,en-US,320,352,44,11/1/05,Atria Books,4/15/20 11:06,4/15/20 11:06
208,A Shadow in Summer (Long Price Quartet  #1),Daniel Abraham,3.6,765313405,9.78077E+12,eng,331,9852,633,3/7/06,Tor Books,4/15/20 11:06,4/15/20 11:06
213,New Hope for the Dead (Hoke Mosely #2),Charles Willeford/James Lee Burke,3.9,1400032490,9.7814E+12,eng,244,821,78,8/10/04,Vintage Crime/Black Lizard,4/15/20 11:06,4/15/20 11:06
214,Sideswipe: A Hoke Moseley Novel,Charles Willeford/Lawrence Block,4.05,1400032482,9.7814E+12,eng,215,731,72,3/8/05,Vintage Crime/Black Lizard,4/15/20 11:06,4/15/20 11:06
216,Miami Blues (Hoke Moseley #1),Charles Willeford/Elmore Leonard,3.94,1400032466,9.7814E+12,eng,191,2897,178,8/10/04,Vintage Crime/Black Lizard,4/15/20 11:06,4/15/20 11:06
230,The Burnt Orange Heresy (Vintage Crime/Black Lizard),Charles Willeford,3.89,679732527,9.78068E+12,eng,144,98,11,10/3/90,Vintage,4/15/20 11:06,4/15/20 11:06
231,I am Charlotte Simmons,Tom Wolfe,3.42,312424442,9.78031E+12,eng,738,20888,1688,8/30/05,Picador USA,4/15/20 11:06,4/15/20 11:06
237,Poetry for Young People: Edward Lear,Edward Lear/Laura Huliska-Beith/Edward Mendelson,3.91,806930772,9.78081E+12,eng,48,66,19,10/1/01,Sterling,4/15/20 11:06,4/15/20 11:06
244,The Puffin Book of Nonsense Verse,Quentin Blake,4.02,140366601,9.78014E+12,eng,287,81,6,10/3/96,Puffin,4/15/20 11:06,4/15/20 11:06
245,Henry Miller on Writing,Henry Miller/Thomas H. Moore,4.22,811201120,9.78081E+12,eng,217,981,52,2/1/64,New Directions Publishing,4/15/20 11:06,4/15/20 11:06
247,Quiet Days in Clichy,Henry Miller,3.69,080213016X,9.7808E+12,eng,154,3381,141,1/13/94,Grove Press,4/15/20 11:06,4/15/20 11:06
249,Tropic of Cancer,Henry Miller/Jiří Níl,3.68,802131786,9.7808E+12,eng,318,53206,2376,1/6/94,Grove Press,4/15/20 11:06,4/15/20 11:06
250,Tropic of Capricorn,Henry Miller,3.78,802151825,9.7808E+12,eng,348,14872,459,1/13/94,Grove Press,4/15/20 11:06,4/15/20 11:06
251,Nexus (The Rosy Crucifixion  #3),Henry Miller,4.1,802151787,9.7808E+12,eng,316,3261,58,1/13/94,Grove Press,4/15/20 11:06,4/15/20 11:06
252,Sexus (The Rosy Crucifixion  #1),Henry Miller,3.98,802151809,9.7808E+12,eng,506,7805,251,1/12/94,Grove Press,4/15/20 11:06,4/15/20 11:06
253,The Air-Conditioned Nightmare,Henry Miller,3.83,811201066,9.78081E+12,eng,292,2699,142,1/17/70,New Directions,4/15/20 11:06,4/15/20 11:06
264,The Portrait of a Lady,Henry James/Patricia Crick,3.78,141439637,9.78014E+12,eng,797,61640,1951,9/30/03,Penguin Classics,4/15/20 11:06,4/15/20 11:06
269,The Portrait of a Lady,Henry James/Gabriel Brownstein/Mary Cregan,3.78,1593080964,9.78159E+12,eng,635,392,41,1/16/04,Barnes  Noble Classics,4/15/20 11:06,4/15/20 11:06
277,Writing,Marguerite Duras,3.75,1571290532,9.78157E+12,eng,91,778,44,5/6/99,Brookline Books,4/15/20 11:06,4/15/20 11:06
278,The War,Marguerite Duras/Barbara Bray,3.85,1565842219,9.78157E+12,eng,192,963,65,8/1/94,The New Press,4/15/20 11:06,4/15/20 11:06
280,The Ravishing of Lol Stein,Marguerite Duras/Richard Seever,3.66,394743040,9.78039E+12,en-US,181,2057,128,3/12/86,Pantheon,4/15/20 11:06,4/15/20 11:06
285,Love Letters,Kahlil Gibran/Suheil Bushrui/Salma H. Al-Kuzbari,3.68,1851681825,9.78185E+12,eng,178,203,8,7/1/99,One World (UK),4/15/20 11:06,4/15/20 11:06
288,Kahlil Gibran: His Life and World,Jean Gibran/جبران خليل جبران/Kahlil Gibran,4.21,156656249X,9.78157E+12,eng,464,35,2,4/1/98,Interlink Publishing Group,4/15/20 11:06,4/15/20 11:06
289,The Beloved: Reflections on the Path of the Heart,Kahlil Gibran/John Walbridge/Robin Waterfield,4.19,014019553X,9.78014E+12,eng,102,328,16,1/1/98,Penguin Books,4/15/20 11:06,4/15/20 11:06
290,Jesus the Son of Man,Kahlil Gibran/جبران خليل جبران,3.98,394431243,9.78039E+12,eng,216,1308,82,2/21/95,Knopf,4/15/20 11:06,4/15/20 11:06
291,The Broken Wings,Kahlil Gibran/جبران خليل جبران/Anthony Rizcallah Ferris,3.92,806501901,9.78081E+12,eng,132,6432,517,3/3/03,Citadel,4/15/20 11:06,4/15/20 11:06
292,Sand and Foam,Kahlil Gibran/جبران خليل جبران,4.08,067943920X,9.78068E+12,eng,100,3015,217,6/14/11,Knopf,4/15/20 11:06,4/15/20 11:06
295,Treasure Island,Robert Louis Stevenson,3.83,753453800,9.78075E+12,eng,311,318753,6734,9/15/01,Kingfisher,4/15/20 11:06,4/15/20 11:06
296,Treasure Island,Robert Louis Stevenson/Scott McKowen,3.83,1402714572,9.7814E+12,en-US,213,420,42,10/1/04,Sterling Children's Books,4/15/20 11:06,4/15/20 11:06
297,Treasure Island,Robert Louis Stevenson,3.83,1416500294,9.78142E+12,eng,245,5967,276,6/1/05,Simon & Schuster,4/15/20 11:06,4/15/20 11:06
298,Treasure Island,Robert Louis Stevenson/N.C. Wyeth/Timothy Meis,3.83,689854684,9.78069E+12,eng,64,104,14,7/1/03,Atheneum Books for Young Readers,4/15/20 11:06,4/15/20 11:06
299,Treasure Island,Robert Louis Stevenson/Milo Winter,3.83,517221144,9.78052E+12,en-US,272,56,4,9/3/02,Gramercy Books,4/15/20 11:06,4/15/20 11:06
302,Treasure Island (Great Illustrated Classics),Deidre S. Laiken/A.J. McAllister/Robert Louis Stevenson,4.05,1577658051,9.78158E+12,eng,232,91,16,1/31/06,Abdo Publishing Company,4/15/20 11:06,4/15/20 11:06
313,100 Years of Lynchings,Ralph Ginzburg,4.61,933121180,9.78093E+12,eng,270,88,4,11/22/96,Black Classic Press,4/15/20 11:06,4/15/20 11:06
324,Cien años de soledad,Gabriel García Márquez,4.07,785950109,9.78079E+12,spa,448,63,7,1/1/90,French & European,4/15/20 11:06,4/15/20 11:06
330,On Beyond Zebra!,Dr. Seuss,4.04,394800842,9.78039E+12,eng,64,2815,164,9/12/55,Random House Books for Young Readers,4/15/20 11:06,4/15/20 11:06
332,The Wedding Clause,Debbie Raleigh,3.6,821778250,9.78082E+12,eng,256,95,13,6/7/05,Zebra,4/15/20 11:06,4/15/20 11:06
333,The Zebra Wall,Kevin Henkes,3.44,60733039,9.78006E+12,eng,147,217,24,2/15/05,Greenwillow Books,4/15/20 11:06,4/15/20 11:06
337,El perfume: Historia de un asesino,Patrick Süskind,4.02,8432216062,9.78843E+12,spa,239,4136,255,6/1/02,Booket,4/15/20 11:06,4/15/20 11:06
348,The Door Into Summer,Robert A. Heinlein,4.01,345413997,9.78035E+12,eng,304,17232,649,6/17/97,Del Rey,4/15/20 11:06,4/15/20 11:06
350,Stranger in a Strange Land,Robert A. Heinlein,3.92,441788386,9.78044E+12,eng,528,251872,6241,10/1/91,Ace,4/15/20 11:06,4/15/20 11:06
354,To Sail Beyond the Sunset,Robert A. Heinlein,3.87,441748600,9.78044E+12,en-US,434,10293,193,6/1/88,Ace Books,4/15/20 11:06,4/15/20 11:06
355,Job: A Comedy of Justice,Robert A. Heinlein,3.78,345316509,9.78035E+12,en-US,439,15970,438,10/12/85,Del Rey,4/15/20 11:06,4/15/20 11:06
356,Time for the Stars (Heinlein's Juveniles  #10),Robert A. Heinlein,3.97,765314932,9.78077E+12,eng,256,6898,200,8/8/06,Tor Books,4/15/20 11:06,4/15/20 11:06
357,The Long Dark Tea-Time of the Soul (Dirk Gently  #2),Douglas Adams,4.06,671742515,9.78067E+12,en-US,307,67803,1401,2/15/91,Pocket Books,4/15/20 11:06,4/15/20 11:06
359,The Salmon of Doubt (Dirk Gently  #3),Douglas Adams,3.93,345455290,9.78035E+12,eng,298,22091,746,4/26/05,Del Rey,4/15/20 11:06,4/15/20 11:06
362,Wish You Were Here: The Official Biography of Douglas Adams,Nick  Webb,4.14,345476514,9.78035E+12,eng,368,2623,49,12/27/05,Del Rey,4/15/20 11:06,4/15/20 11:06
367,Douglas Adams's Starship Titanic,Terry Jones,3.6,345368436,9.78035E+12,eng,256,885,84,10/27/98,Ballantine Books,4/15/20 11:06,4/15/20 11:06
377,Salmon of Doubt: Hitchhiking the Galaxy One Last Time,Douglas Adams/Christopher Cerf,3.93,1417622857,9.78142E+12,eng,336,5,0,7/1/03,Turtleback Books,4/15/20 11:06,4/15/20 11:06
382,The Phantom Tollbooth: A Children's Play in Two Acts,Susan Nanus/Norton Juster,4.13,573650969,9.78057E+12,eng,72,100,13,1/12/11,Samuel French  Inc.,4/15/20 11:06,4/15/20 11:06
385,On Bullshit,Harry G. Frankfurt,3.57,691122946,9.78069E+12,eng,67,9358,995,1/30/05,Princeton University Press,4/15/20 11:06,4/15/20 11:06
386,Another Bullshit Night in Suck City,Nick Flynn,3.78,393329402,9.78039E+12,eng,347,9318,907,9/12/05,W. W. Norton & Company,4/15/20 11:06,4/15/20 11:06
394,Lincoln at Gettysburg: The Words That Remade America,Garry Wills,4.14,671867423,9.78067E+12,en-US,317,120,15,6/12/93,Simon & Schuster,4/15/20 11:06,4/15/20 11:06
397,The Gettysburg Address,Abraham Lincoln/Michael McCurdy,4.53,395883970,9.7804E+12,eng,32,5239,76,2/2/98,HMH Books for Young Readers,4/15/20 11:06,4/15/20 11:06
399,Underworld,Don DeLillo,3.92,684848155,9.78068E+12,eng,827,1505,175,7/9/98,Scribner,4/15/20 11:06,4/15/20 11:06
400,Libra,Don DeLillo,3.99,140156046,9.78014E+12,eng,480,11857,564,5/1/91,Penguin,4/15/20 11:06,4/15/20 11:06
403,Americana,Don DeLillo,3.43,140119485,9.78014E+12,eng,377,393,55,7/6/89,Penguin Books,4/15/20 11:06,4/15/20 11:06
404,Running Dog,Don DeLillo,3.43,679722947,9.78068E+12,eng,256,1356,72,7/17/89,Vintage Contemporaries,4/15/20 11:06,4/15/20 11:06
406,Cosmopolis,Don DeLillo,3.22,743244257,9.78074E+12,eng,224,460,41,4/6/04,Scribner,4/15/20 11:06,4/15/20 11:06
407,Great Jones Street,Don DeLillo,3.48,140179178,9.78014E+12,eng,272,2492,145,1/1/94,Penguin Books,4/15/20 11:06,4/15/20 11:06
408,The Names,Don DeLillo,3.64,679722955,9.78068E+12,eng,339,3100,212,7/17/89,Vintage,4/15/20 11:06,4/15/20 11:06
409,Against the Day,Thomas Pynchon,4.13,159420120X,9.78159E+12,eng,1085,5296,587,11/21/06,Penguin Press,4/15/20 11:06,4/15/20 11:06
410,V.,Thomas Pynchon,3.96,60930217,9.78006E+12,eng,547,1415,177,7/5/05,Harper Perennial Modern Classics,4/15/20 11:06,4/15/20 11:06
411,The Crying of Lot 49,Thomas Pynchon,3.69,60931671,9.78006E+12,eng,152,2161,230,4/1/99,Harper Perennial,4/15/20 11:06,4/15/20 11:06
412,Gravity's Rainbow,Thomas Pynchon,4.01,140283382,9.78014E+12,eng,784,762,213,1/1/00,Penguin Books,4/15/20 11:06,4/15/20 11:06
413,Mason & Dixon,Thomas Pynchon/Christophe Claro/Brice Matthieussent,4.07,312423209,9.78031E+12,eng,773,8086,602,1/3/04,Picador USA,4/15/20 11:06,4/15/20 11:06
414,Vineland,Thomas Pynchon,3.69,141180633,9.78014E+12,en-US,385,702,69,9/1/97,Penguin Classics,4/15/20 11:06,4/15/20 11:06
415,Gravity's Rainbow,Thomas Pynchon,4.01,143039946,9.78014E+12,eng,776,29764,2164,10/31/06,Penguin Books,4/15/20 11:06,4/15/20 11:06
416,Slow Learner: Early Stories,Thomas Pynchon,3.5,316724432,9.78032E+12,eng,193,334,34,4/30/85,Back Bay Books,4/15/20 11:06,4/15/20 11:06
418,Been Down So Long It Looks Like Up To Me,Richard Fariña/Thomas Pynchon,3.8,140189300,9.78014E+12,eng,352,2473,220,8/29/96,Penguin Classics,4/15/20 11:06,4/15/20 11:06
420,The Year of Magical Thinking,Joan Didion,3.89,140004314X,9.7814E+12,en-US,227,2656,336,10/4/05,Knopf Publishing Group,4/15/20 11:06,4/15/20 11:06
421,The White Album,Joan Didion,4.17,374522219,9.78037E+12,eng,222,11889,738,10/1/90,Farrar Straus Giroux,4/15/20 11:06,4/15/20 11:06
422,A Book of Common Prayer,Joan Didion,3.8,679754865,9.78068E+12,eng,272,2962,255,4/11/95,Vintage International,4/15/20 11:06,4/15/20 11:06
423,Where I Was From,Joan Didion,3.86,679752862,9.78068E+12,eng,240,2842,292,9/14/04,Vintage,4/15/20 11:06,4/15/20 11:06
424,Slouching Towards Bethlehem,Joan Didion,4.21,374521727,9.78037E+12,eng,238,26934,1825,10/1/90,Farrar Straus Giroux,4/15/20 11:06,4/15/20 11:06
425,Democracy,Joan Didion,3.81,679754857,9.78068E+12,en-US,234,2070,169,4/25/95,Vintage International,4/15/20 11:06,4/15/20 11:06
426,We Tell Ourselves Stories in Order to Live: Collected Nonfiction,Joan Didion/John Leonard,4.5,307264874,9.78031E+12,eng,1122,1564,108,10/17/06,Everyman's Library,4/15/20 11:06,4/15/20 11:06
428,Play It As It Lays,Joan Didion/David Thomson,3.87,374529949,9.78037E+12,eng,231,23656,1706,11/15/05,Farrar  Straus and Giroux,4/15/20 11:06,4/15/20 11:06
431,The New York Trilogy,Paul Auster/Art Spiegelman/Luc Sante,3.89,143039830,9.78014E+12,eng,308,43200,1873,3/28/06,Penguin Classics,4/15/20 11:06,4/15/20 11:06
432,City of Glass (The New York Trilogy  #1),Paul Auster,3.79,140097317,9.78014E+12,eng,203,12410,734,4/7/87,Penguin Books,4/15/20 11:06,4/15/20 11:06
434,Ghosts (The New York Trilogy  #2),Paul Auster,3.64,014009735X,9.78014E+12,eng,96,3672,195,7/7/87,Penguin Books,4/15/20 11:06,4/15/20 11:06
435,The Locked Room (The New York Trilogy  #3),Paul Auster,3.89,940650762,9.78094E+12,eng,179,2998,164,11/1/86,Sun and Moon Press,4/15/20 11:06,4/15/20 11:06
444,Pyramids of Montauk: Explorations in Consciousness,Peter Moon/Preston B. Nichols/Nina Helms,3.89,963188925,9.78096E+12,eng,256,74,2,1/1/95,Sky Books (NY),4/15/20 11:06,4/15/20 11:06
446,The Brooklyn Follies,Paul Auster,3.84,312426232,9.78031E+12,eng,306,17977,1157,10/17/06,Picador,4/15/20 11:06,4/15/20 11:06
447,Moon Palace,Paul Auster,3.94,140115854,9.78014E+12,eng,320,16099,503,4/1/90,Penguin Books,4/15/20 11:06,4/15/20 11:06
453,The Music of Chance,Paul Auster,3.9,140154078,9.78014E+12,en-US,217,361,36,12/1/91,Penguin Books,4/15/20 11:06,4/15/20 11:06
454,Travels in the Scriptorium,Paul Auster,3.23,805081453,9.78081E+12,eng,145,6688,562,1/23/07,Henry Holt & Company,4/15/20 11:06,4/15/20 11:06
456,Leviathan,Paul Auster,3.96,140178139,9.78014E+12,eng,275,11744,443,9/1/93,Penguin Books,4/15/20 11:06,4/15/20 11:06
463,The Red Notebook: True Stories,Paul Auster,3.77,811214982,9.78081E+12,eng,104,2390,120,6/17/02,New Directions,4/15/20 11:06,4/15/20 11:06
466,Timbuktu / Leviathan / Moon Palace,Paul Auster,4.38,2742741461,9.78274E+12,fre,1075,21,1,11/7/02,Actes Sud,4/15/20 11:06,4/15/20 11:06
475,Collapse: How Societies Choose to Fail or Succeed,Jared Diamond,3.93,143036556,9.78014E+12,eng,608,52522,2780,12/27/05,Penguin Books Ltd. (London),4/15/20 11:06,4/15/20 11:06
476,The Coming Economic Collapse: How You Can Thrive When Oil Costs $200 a Barrel,Stephen Leeb/Glen C. Strathy,3.4,446579785,9.78045E+12,en-US,211,213,26,2/1/06,Business Plus,4/15/20 11:06,4/15/20 11:06
477,Collapse of Complex Societies,Joseph A. Tainter,4.15,052138673X,9.78052E+12,eng,262,719,86,3/29/90,Cambridge University Press,4/15/20 11:06,4/15/20 11:06
478,Bowling Alone: The Collapse and Revival of American Community,Robert D. Putnam,3.8,743203046,9.78074E+12,eng,544,4762,512,8/7/01,Simon  Schuster,4/15/20 11:06,4/15/20 11:06
481,The Collapse of the Common Good: How America's Lawsuit Culture Undermines Our Freedom,Philip K. Howard,3.91,034543871X,9.78035E+12,eng,272,62,4,1/29/02,Ballantine Books,4/15/20 11:06,4/15/20 11:06
484,Reinventing the Enemy's Language: Contemporary Native Women's Writings of North America,Joy Harjo/Gloria Bird/Beth Cuthand/Valerie Martinez/Patricia Blanco,4.39,393318281,9.78039E+12,eng,576,278,20,9/17/98,W. W. Norton  Company,4/15/20 11:06,4/15/20 11:06
493,My Inventions,Nikola Tesla,4.01,1599869942,9.7816E+12,eng,88,2862,262,5/17/06,Filiquarian Publishing  LLC.,4/15/20 11:06,4/15/20 11:06
494,Wizard: The Life and Times of Nikola Tesla: Biography of a Genius,Marc J.  Seifer/William H. Terbo,3.78,806519606,9.78081E+12,eng,542,2829,334,2/1/01,Citadel,4/15/20 11:06,4/15/20 11:06
497,Nikola Tesla: A Spark of Genius,Carol Dommermuth-Costa,3.93,822549204,9.78082E+12,eng,144,105,5,10/1/94,Lerner Publications,4/15/20 11:06,4/15/20 11:06
498,Tesla Papers,Nikola Tesla/David Hatcher Childress,4.13,932813860,9.78093E+12,eng,100,102,2,12/1/00,Adventures Unlimited Press,4/15/20 11:06,4/15/20 11:06
511,Boys of Summer,Julie Elizabeth Leto/Leslie Kelly/Kimberly Raye,3.77,373792689,9.78037E+12,eng,249,478,12,6/27/06,Harlequin Blaze,4/15/20 11:06,4/15/20 11:06
515,Programming Ruby: The Pragmatic Programmers' Guide,Dave Thomas/Chad Fowler/Andy Hunt,4.03,974514055,9.78097E+12,en-US,828,1577,49,10/11/04,Pragmatic Bookshelf,4/15/20 11:06,4/15/20 11:06
523,Golding's Lord of the Flies (Cliffs Notes),Maureen Kelly/CliffsNotes/William Golding,3.95,764585975,9.78076E+12,eng,112,73,8,6/13/00,Cliffs Notes,4/15/20 11:06,4/15/20 11:06
524,Lord of the Flies,William Golding,3.68,307281701,9.78031E+12,eng,6,408,96,10/11/05,Listening Library (Audio),4/15/20 11:06,4/15/20 11:06
531,A War Like No Other: How the Athenians & Spartans Fought the Peloponnesian War,Victor Davis Hanson,4.11,812969707,9.78081E+12,eng,397,1693,100,9/12/06,Random House,4/15/20 11:06,4/15/20 11:06
534,We Were Not Like Other People,Ephraim Sevela/Antonina W. Bouis,4.14,60255080,9.78006E+12,eng,216,1,0,1/1/89,HarperCollins Publishers,4/15/20 11:06,4/15/20 11:06
537,The Lovely Bones,Alice Sebold,3.81,330485385,9.78033E+12,en-GB,328,6485,966,6/1/03,Picador,4/15/20 11:06,4/15/20 11:06
538,The Lovely Bones,Alice Sebold,3.81,159413023X,9.78159E+12,en-US,532,367,73,4/1/04,Large Print Press,4/15/20 11:06,4/15/20 11:06
539,Lovely in Her Bones (Elizabeth MacPherson  #2),Sharyn McCrumb,3.8,345360354,9.78035E+12,eng,224,1371,43,5/13/90,Ballantine Books,4/15/20 11:06,4/15/20 11:06
565,The Zen of CSS Design: Visual Enlightenment for the Web,Dave Shea/Molly E. Holzschlag,3.98,321303474,7.85342E+11,en-US,296,793,28,2/17/05,Peachpit Press,4/15/20 11:06,4/15/20 11:06
570,HTML  XHTML  and CSS (Visual Quickstart Guide),Elizabeth Castro,3.8,321430840,9.78032E+12,en-US,456,549,42,8/1/06,Peachpit Press,4/15/20 11:06,4/15/20 11:06
576,1000 Record Covers,Michael Ochs/Patrick Javault/Ulrike Wasel,3.85,3822840858,9.78382E+12,mul,575,288,31,5/15/05,Taschen,4/15/20 11:06,4/15/20 11:06
597,Killing Yourself to Live: 85% of a True Story,Chuck Klosterman,3.81,743264460,9.78074E+12,eng,245,26381,1109,6/13/06,Scribner,4/15/20 11:06,4/15/20 11:06
599,Sex  Drugs  and Cocoa Puffs: A Low Culture Manifesto,Chuck Klosterman,3.73,743236017,9.78074E+12,eng,272,62089,3324,7/2/04,Scribner,4/15/20 11:06,4/15/20 11:06
619,Vice (V  #8),Jane Feather,3.51,553572490,9.78055E+12,eng,419,474,19,5/2/96,Bantam,4/15/20 11:06,4/15/20 11:06
629,Zen and the Art of Motorcycle Maintenance: An Inquiry Into Values (Phaedrus  #1),Robert M. Pirsig,3.77,60589469,9.78006E+12,eng,540,166046,6446,4/25/06,HarperTorch,4/15/20 11:06,4/15/20 11:06
639,Once Upon a Cool Motorcycle Dude,Kevin O'Malley/Carol Heyer/Scott Goto,4.08,802789471,9.7808E+12,eng,32,1773,274,4/1/05,Walker & Company,4/15/20 11:06,4/15/20 11:06
642,Guidebook to Zen and the Art of Motorcycle Maintenance,Ronald L. DiSanto/Thomas J. Steele,3.72,688060692,9.78069E+12,en-GB,408,286,10,11/19/90,William Morrow Paperbacks,4/15/20 11:06,4/15/20 11:06
643,Motorcycle Basics Techbook,John Harold Haynes,3.85,185960515X,9.78186E+12,eng,222,40,2,7/5/02,Haynes Manuals N. America  Inc.,4/15/20 11:06,4/15/20 11:06
650,LOGO Lounge: 2 000 International Identities by Leading Designers,Catharine M. Fishel/Bill Gardner,3.93,1592530877,9.78159E+12,eng,191,27,0,9/1/04,Rockport Publishers,4/15/20 11:06,4/15/20 11:06
655,The Death of Ivan Ilych And Other Stories,Leo Tolstoy/Hugh McLean,4.11,451528808,9.78045E+12,eng,304,7300,266,4/1/03,Signet Classics,4/15/20 11:06,4/15/20 11:06
656,War and Peace,Leo Tolstoy/Henry Gifford/Aylmer Maude/Louise Maude,4.11,192833987,9.78019E+12,eng,1392,211671,6245,6/25/98,Oxford University Press,4/15/20 11:06,4/15/20 11:06
658,The Kingdom of God Is Within You,Leo Tolstoy/Constance Garnett,4.13,486451380,9.78049E+12,eng,352,2403,210,9/8/06,Dover Publications,4/15/20 11:06,4/15/20 11:06
662,Atlas Shrugged,Ayn Rand/Leonard Peikoff,3.69,452011876,9.78045E+12,eng,1168,322483,14702,8/1/99,Plume,4/15/20 11:06,4/15/20 11:06
663,For the New Intellectual: The Philosophy of Ayn Rand,Ayn Rand,3.68,451163087,9.78045E+12,eng,224,2750,108,12/1/63,Signet Book,4/15/20 11:06,4/15/20 11:06
664,The Fountainhead,Ayn Rand,3.87,452286751,9.78045E+12,en-US,752,1886,229,4/26/05,Dutton,4/15/20 11:06,4/15/20 11:06
665,The Virtue of Selfishness: A New Concept of Egoism,Ayn Rand/Nathaniel Branden,3.51,451163931,9.78045E+12,eng,176,11462,467,11/1/64,Signet,4/15/20 11:06,4/15/20 11:06
667,Anthem,Ayn Rand,3.63,452281253,9.78045E+12,eng,105,110952,7277,12/1/99,NAL,4/15/20 11:06,4/15/20 11:06
668,We the Living,Ayn Rand/Leonard Peikoff,3.91,451187849,9.78045E+12,eng,464,23199,1086,1/1/96,Signet,4/15/20 11:06,4/15/20 11:06
669,Capitalism: The Unknown Ideal,Ayn Rand/Nathaniel Branden/Alan Greenspan/Robert Hessen,3.88,451147952,9.78045E+12,eng,340,3501,153,7/15/86,Signet,4/15/20 11:06,4/15/20 11:06
670,Letters of Ayn Rand,Ayn Rand/Michael S. Berliner/Leonard Peikoff,3.96,452274044,9.78045E+12,eng,681,18,2,2/1/97,NAL,4/15/20 11:06,4/15/20 11:06
672,Sailing for Dummies,J.J. Isler/Peter Isler,3.95,471791431,9.78047E+12,eng,416,150,7,6/1/06,For Dummies,4/15/20 11:06,4/15/20 11:06
675,Sailing from Byzantium: How a Lost Empire Shaped the World,Colin  Wells,3.88,553803816,9.78055E+12,eng,368,646,83,7/25/06,Delacorte Press,4/15/20 11:06,4/15/20 11:06
676,Sailing Alone Around the Room: New and Selected Poems,Billy Collins,4.23,375755195,9.78038E+12,eng,192,12180,630,9/17/02,Random House Trade Paperbacks,4/15/20 11:06,4/15/20 11:06
678,The Greatest Sailing Stories Ever Told: Twenty-Seven Unforgettable Stories,Christopher Caswell,3.62,1592283195,9.78159E+12,eng,286,51,5,4/1/04,Lyons Press,4/15/20 11:06,4/15/20 11:06
681,"Natural Cures ""They"" Don't Want You to Know about",Kevin Trudeau,3.09,975599518,9.78098E+12,en-US,571,1601,284,1/1/04,Alliance Publishing,4/15/20 11:06,4/15/20 11:06
685,The Natural,Bernard Malamud/Kevin Baker,3.63,374502005,9.78037E+12,eng,231,8854,672,7/7/03,Farrar Straus Giroux,4/15/20 11:06,4/15/20 11:06
698,Digging to America,Anne Tyler,3.55,307263940,9.78031E+12,eng,277,17155,1841,5/2/06,Alfred A. Knopf,4/15/20 11:06,4/15/20 11:06
700,Rereading America: Cultural Contexts for Critical Thinking and Writing,Gary Colombo/Bonnie Lisle,3.77,312405545,9.78031E+12,eng,826,44,3,1/21/04,Bedford Books,4/15/20 11:06,4/15/20 11:06
702,Modern Latin America,Thomas E. Skidmore/Peter H. Smith,3.59,019517013X,9.7802E+12,en-US,528,234,11,10/7/04,Oxford University Press  USA,4/15/20 11:06,4/15/20 11:06
703,The Plot Against America,Philip Roth,3.77,1400079497,9.7814E+12,eng,391,33321,2925,9/27/05,Vintage International,4/15/20 11:06,4/15/20 11:06
707,Naked Pictures of Famous People,Jon   Stewart,3.59,688171621,9.78069E+12,en-GB,164,8703,417,9/22/99,Dey Street Books,4/15/20 11:06,4/15/20 11:06
759,Collected Stories,Gabriel García Márquez/Gregory Rabassa/J.S. Bernstein,4.19,60932686,9.78006E+12,eng,352,6375,179,5/13/08,Harper Perennial Modern Classics,4/15/20 11:06,4/15/20 11:06
762,Crónica de una muerte anunciada,Gabriel García Márquez,3.97,1400034957,9.7814E+12,spa,118,7888,411,10/14/03,Vintage Espanol,4/15/20 11:06,4/15/20 11:06
763,Cien años de soledad,Gabriel García Márquez,4.07,307350428,9.78031E+12,spa,496,130,5,2/7/06,Plaza y Janes,4/15/20 11:06,4/15/20 11:06
764,Del amor y otros demonios,Gabriel García Márquez,3.98,307350444,9.78031E+12,spa,176,4508,278,2/7/06,Plaza y Janes,4/15/20 11:06,4/15/20 11:06
765,Living to Tell the Tale,Gabriel García Márquez/Edith Grossman,3.99,140003454X,9.7814E+12,eng,533,397,47,10/12/04,Vintage,4/15/20 11:06,4/15/20 11:06
766,Memoria de mis putas tristes,Gabriel García Márquez,3.6,1400095808,9.7814E+12,spa,112,5856,377,10/19/04,Vintage Espanol,4/15/20 11:06,4/15/20 11:06
771,The Elegant Universe: Superstrings  Hidden Dimensions  and the Quest for the Ultimate Theory,Brian Greene,4.07,375708111,9.78038E+12,eng,425,32569,1058,9/2/04,Vintage Books USA,4/15/20 11:06,4/15/20 11:06
775,Pure and Simple: The Extraordinary Teachings of a Thai Buddhist Laywoman,Upasika Kee Nanayon/Thanissaro Bhikkhu,4.29,086171492X,9.78086E+12,eng,288,37,6,5/15/05,Wisdom Publications,4/15/20 11:06,4/15/20 11:06
787,The Mini Rough Guide to London,Rob Humphreys/Beth Chaplin/Rebecca Morrill,3.75,184353584X,9.78184E+12,eng,363,1,0,4/1/06,Rough Guides,4/15/20 11:06,4/15/20 11:06
793,Best of London (Lonely Planet Best Of),Lonely Planet/Sarah Johnstone/Steve Fallon,3.83,1740594770,9.78174E+12,eng,128,11,0,9/1/04,Lonely Planet,4/15/20 11:06,4/15/20 11:06
797,Lonely Planet Londres,Lonely Planet/Sarah Johnstone/Tom Masters,4.03,8408064762,9.78841E+12,spa,480,0,0,5/1/06,Geoplaneta,4/15/20 11:06,4/15/20 11:06
799,Out to Eat London 2002 (Lonely Planet Out to Eat),Lonely Planet/Mark Honan,0,1740592050,9.78174E+12,eng,295,0,0,9/1/01,Lonely Planet,4/15/20 11:06,4/15/20 11:06
815,Three Nights in August: Strategy  Heartbreak  and Joy Inside the Mind of a Manager,H.G. Bissinger,3.88,618710531,9.78062E+12,eng,287,6870,237,4/4/06,Mariner Books,4/15/20 11:06,4/15/20 11:06
816,Cryptonomicon,Neal Stephenson,4.25,60512806,9.78006E+12,eng,1139,83184,4249,11/1/02,Avon,4/15/20 11:06,4/15/20 11:06
821,Le Réseau Kinakuta (Cryptonomicon  #2),Neal Stephenson,4.1,2228894168,9.78223E+12,fre,418,5,0,3/31/01,Payot,4/15/20 11:06,4/15/20 11:06
822,The Confusion (The Baroque Cycle  #2),Neal Stephenson,4.26,60733357,9.78006E+12,en-US,815,19320,565,6/14/05,William Morrow Paperbacks,4/15/20 11:06,4/15/20 11:06
823,Quicksilver (The Baroque Cycle  #1),Neal Stephenson,3.93,60593083,9.78006E+12,eng,927,30872,1735,9/21/04,HarperCollins Perennial,4/15/20 11:06,4/15/20 11:06
824,The Cobweb,Neal Stephenson/J. Frederick George,3.61,553383442,9.78055E+12,eng,448,2465,137,5/31/05,Spectra Books,4/15/20 11:06,4/15/20 11:06
826,The Big U,Neal Stephenson,3.25,380816032,9.78038E+12,en-US,308,4657,223,2/6/01,William Morrow Paperbacks,4/15/20 11:06,4/15/20 11:06
827,The Diamond Age: Or  A Young Lady's Illustrated Primer,Neal Stephenson/Pedro Jorge Romero,4.19,553380966,9.78055E+12,eng,499,71042,2767,5/2/00,Spectra,4/15/20 11:06,4/15/20 11:06
828,Interface,Neal Stephenson/George F. Jewsbury/Stephen  Bury,3.68,553383434,9.78055E+12,eng,640,4731,270,5/31/05,Spectra,4/15/20 11:06,4/15/20 11:06
829,Odalisque (The Baroque Cycle  Vol. 1  Book 3),Neal Stephenson,4.2,60833181,9.78006E+12,en-US,464,1567,65,3/28/06,HarperTorch,4/15/20 11:06,4/15/20 11:06
830,Snow Crash,Neal Stephenson/Guy Abadia,4.03,553380958,9.78055E+12,eng,438,188100,6612,8/2/00,Bantam Books,4/15/20 11:06,4/15/20 11:06
834,Harrington on Hold 'em: Expert Strategy for No-Limit Tournaments  Volume II: The Endgame,Dan Harrington/Bill Robertie,4.16,1880685353,9.78188E+12,eng,450,1474,30,6/1/05,Two Plus Two Publishing LLC,4/15/20 11:06,4/15/20 11:06
835,Harrington on Hold 'em: Expert Strategy for No-Limit Tournaments  Volume I: Strategic Play,Dan Harrington/Bill Robertie,4.24,1880685337,9.78188E+12,eng,381,1929,72,12/1/04,Two Plus Two Publishing LLC,4/15/20 11:06,4/15/20 11:06
840,The Design of Everyday Things,Donald A. Norman,4.17,465067107,9.78047E+12,eng,240,18602,1379,9/19/02,Basic Books,4/15/20 11:06,4/15/20 11:06
841,Emotional Design: Why We Love (or Hate) Everyday Things,Donald A. Norman,3.95,465051367,9.78047E+12,eng,272,3702,149,5/11/05,Basic Books,4/15/20 11:06,4/15/20 11:06
842,The Psychology of Everyday Things,Donald A. Norman,4.17,465067093,9.78047E+12,eng,257,265,31,6/13/88,Basic Books,4/15/20 11:06,4/15/20 11:06
848,No Price Too High: A Pentecostal Preacher Becomes Catholic - The Inspirational Story of Alex Jones as Told to Diane Hanson,Alex C. Jones/Diane M. Hanson/Stephen K. Ray,4.27,898709199,9.7809E+12,en-GB,259,51,7,4/30/06,Ignatius Press,4/15/20 11:06,4/15/20 11:06
864,The Alchemist,Paulo Coelho/Alan R. Clarke/James Noel Smith,3.86,60887966,9.78006E+12,eng,192,920,76,5/2/06,HarperOne,4/15/20 11:06,4/15/20 11:06
865,The Alchemist,Paulo Coelho/Alan R. Clarke/Özdemir İnce,3.86,61122416,9.78006E+12,eng,197,1631221,55843,5/1/93,HarperCollins,4/15/20 11:06,4/15/20 11:06
866,Fullmetal Alchemist  Vol. 9 (Fullmetal Alchemist  #9),Hiromu Arakawa/Akira Watanabe,4.57,142150460X,9.78142E+12,eng,192,9013,153,9/19/06,VIZ Media LLC,4/15/20 11:06,4/15/20 11:06
868,Fullmetal Alchemist  Vol. 3 (Fullmetal Alchemist  #3),Hiromu Arakawa/Akira Watanabe,4.56,1591169259,9.78159E+12,eng,192,16666,299,9/13/05,VIZ Media LLC,4/15/20 11:06,4/15/20 11:06
869,Fullmetal Alchemist  Vol. 8 (Fullmetal Alchemist  #8),Hiromu Arakawa/Akira Watanabe,4.57,1421504596,9.78142E+12,eng,192,11451,161,7/18/06,VIZ Media LLC,4/15/20 11:06,4/15/20 11:06
870,Fullmetal Alchemist  Vol. 1 (Fullmetal Alchemist  #1),Hiromu Arakawa/Akira Watanabe,4.5,1591169208,9.78159E+12,eng,192,111091,1427,5/3/05,VIZ Media LLC,4/15/20 11:06,4/15/20 11:06
871,Fullmetal Alchemist  Vol. 4 (Fullmetal Alchemist  #4),Hiromu Arakawa/Akira Watanabe,4.55,1591169291,9.78159E+12,eng,200,10752,294,11/8/05,VIZ Media LLC,4/15/20 11:06,4/15/20 11:06
872,The Illustrated Alchemist: A Fable about Following Your Dream,Paulo Coelho/Alan R. Clarke/Mœbius,3.86,006019250X,9.78006E+12,en-US,198,251,32,11/1/98,HarperCollins Publishers,4/15/20 11:06,4/15/20 11:06
873,Fullmetal Alchemist  Vol. 2 (Fullmetal Alchemist  #2),Hiromu Arakawa/Akira Watanabe,4.52,1591169232,9.78159E+12,eng,192,14923,419,7/5/05,VIZ Media LLC,4/15/20 11:06,4/15/20 11:06
880,Pompeii,Robert   Harris,3.82,812974611,9.78081E+12,eng,274,26922,1726,11/8/05,Random House Trade Paperbacks,4/15/20 11:06,4/15/20 11:06
888,The Last Days of Pompeii,Edward Bulwer-Lytton/John Gregory Betancourt,3.6,158715739X,9.78159E+12,eng,360,1156,68,12/3/02,Borgo Press,4/15/20 11:06,4/15/20 11:06
890,Of Mice and Men,John Steinbeck,3.87,142000671,9.78014E+12,eng,103,1755253,25554,1/8/02,Penguin Books,4/15/20 11:06,4/15/20 11:06
900,The Game: Penetrating the Secret Society of Pickup Artists,Neil Strauss,3.74,60554738,9.78006E+12,en-US,464,20529,1592,9/6/05,It Books,4/15/20 11:06,4/15/20 11:06
902,The Westing Game,Ellen Raskin,4.02,014240120X,9.78014E+12,eng,182,142121,8782,4/12/04,Puffin,4/15/20 11:06,4/15/20 11:06
903,The Egypt Game,Zilpha Keatley Snyder,3.83,808553038,9.78081E+12,eng,215,30231,1130,7/7/09,Turtleback Books,4/15/20 11:06,4/15/20 11:06
929,Memoirs of a Geisha,Arthur Golden,4.11,1400096898,9.7814E+12,eng,503,280309,3703,11/22/05,Vintage Books USA,4/15/20 11:06,4/15/20 11:06
930,Memoirs of a Geisha,Arthur Golden,4.11,739326228,9.78074E+12,eng,434,1301083,19296,11/15/05,Random House Large Print Publishing,4/15/20 11:06,4/15/20 11:06
931,Memoirs of a Geisha,Arthur Golden,4.11,99498189,9.7801E+12,en-US,497,2122,256,12/1/05,Vintage,4/15/20 11:06,4/15/20 11:06
932,Memoirs of a Geisha: A Portrait of the Film,David        James/Peggy Mulloy/Rob Marshall/Arthur Golden,4.08,1557046832,9.78156E+12,eng,144,145,8,10/20/05,Newmarket Press,4/15/20 11:06,4/15/20 11:06
933,Memoirs of a Geisha,Arthur Golden,4.11,99771519,9.7801E+12,eng,497,4189,462,6/4/98,Vintage,4/15/20 11:06,4/15/20 11:06
935,Geisha of Gion,Mineko Iwasaki/Rande Brown,3.93,074343059X,9.78074E+12,eng,334,1556,158,5/6/03,Pocket Books,4/15/20 11:06,4/15/20 11:06
941,Love As A Foreign Language #5,J. Torres/Eric  Kim,3.44,1932664394,9.78193E+12,eng,58,9,2,2/1/06,Oni Press,4/15/20 11:06,4/15/20 11:06
944,Jungle Love,Margaret Johnson/Philip Prowse,3.41,521750849,9.78052E+12,eng,95,59,7,8/1/02,Cambridge University Press,4/15/20 11:06,4/15/20 11:06
955,The 5 Love Languages / The 5 Love Languages Journal,Gary Chapman,4.7,802415318,9.7808E+12,eng,0,22,4,1/1/05,Moody Publishers,4/15/20 11:06,4/15/20 11:06
960,Angels & Demons (Robert Langdon  #1),Dan Brown,3.89,1416524797,9.78142E+12,eng,736,2418736,21303,4/1/06,Pocket Books,4/15/20 11:06,4/15/20 11:06
965,Ángeles y demonios (Robert Langdon  #1),Dan Brown,3.89,849561877X,9.7885E+12,spa,508,196,20,12/1/05,Umbriel,4/15/20 11:06,4/15/20 11:06
966,Angeles & Demonios,Dan Brown/Raúl Amundaray,3.89,972859896,9.78097E+12,spa,18,65,7,12/1/05,FonoLibro,4/15/20 11:06,4/15/20 11:06
968,The Da Vinci Code (Robert Langdon  #2),Dan Brown,3.84,307277674,9.78031E+12,eng,489,1679706,35877,3/28/06,Anchor,4/15/20 11:06,4/15/20 11:06
969,The Da Vinci Code,Dan Brown,3.84,076792603X,9.78077E+12,eng,467,1120,105,3/28/06,Broadway Books,4/15/20 11:06,4/15/20 11:06
972,Da Vinci Code (Robert Langdon  #2),Dan Brown/Daniel Roche,3.84,2266144340,9.78227E+12,fre,744,377,16,5/3/05,Pocket,4/15/20 11:06,4/15/20 11:06
975,Deception Point,Dan Brown,3.71,1416524800,9.78142E+12,eng,736,4919,410,4/1/06,Pocket Books,4/15/20 11:06,4/15/20 11:06
977,Deception Point,Dan Brown,3.71,552151769,9.78055E+12,eng,585,3353,183,5/1/04,Corgi Books,4/15/20 11:06,4/15/20 11:06
980,Deception Point,Dan Brown,3.71,593055071,9.78059E+12,eng,448,61,4,8/1/05,Bantam Press,4/15/20 11:06,4/15/20 11:06
987,A Killing Rain (Louis Kincaid  #6),P.J. Parrish,4.04,078601606X,9.78079E+12,eng,383,456,41,2/1/05,Pinnacle,4/15/20 11:06,4/15/20 11:06
998,The Millionaire Next Door: The Surprising Secrets of America's Wealthy,Thomas J. Stanley/William D. Danko,4.03,671015206,9.78067E+12,eng,258,61760,2600,10/1/98,Gallery Books,4/15/20 11:06,4/15/20 11:06
1005,Think and Grow Rich: The Landmark Bestseller Now Revised and Updated for the 21st Century,Napoleon Hill,4.18,1585424331,9.78159E+12,eng,320,88897,2334,9/1/05,Tarcherperigee,4/15/20 11:06,4/15/20 11:06
1007,Think and Grow Rich,Napoleon Hill,4.18,1932429239,9.78193E+12,eng,368,48,9,8/7/04,High Roads Media,4/15/20 11:06,4/15/20 11:06
1014,Pragmatic Version Control: Using Subversion (The Pragmatic Starter Kit Series),Mike   Mason,3.58,977616657,9.78098E+12,eng,256,173,14,6/7/06,Pragmatic Bookshelf,4/15/20 11:06,4/15/20 11:06
1022,Read My Lips: Sexual Subversion and the End of Gender,Riki Anne Wilchins,3.95,1563410907,9.78156E+12,en-US,288,253,17,6/1/05,Firebrand Books,4/15/20 11:06,4/15/20 11:06
1032,Trump: The Art of the Deal,Donald J. Trump/Tony Schwartz,3.66,345479173,9.78035E+12,en-US,384,12748,948,12/28/04,Ballantine Books,4/15/20 11:06,4/15/20 11:06
1052,The Richest Man in Babylon,George S. Clason,4.26,451205367,9.78045E+12,eng,194,76451,3400,2/1/08,Berkley Books,4/15/20 11:06,4/15/20 11:06
1053,The Richest Man in Babylon,George S. Clason,4.26,1419349996,9.78142E+12,eng,4,86,15,6/17/05,Recorded Books  Inc.,4/15/20 11:06,4/15/20 11:06
1059,Shibumi,Trevanian/Gisela Stege,4.21,1400098033,9.7814E+12,eng,480,9498,637,5/10/05,Broadway Books,4/15/20 11:06,4/15/20 11:06
1067,1776,David McCullough,4.07,743226720,9.78074E+12,eng,386,166916,6243,7/4/06,Simon  Schuster,4/15/20 11:06,4/15/20 11:06
1068,1776,Peter  Stone/Sherman Edwards,4.22,140481397,9.78014E+12,eng,192,1299,30,11/18/76,Penguin Books,4/15/20 11:06,4/15/20 11:06
1073,The Crescent Obscured: The United States and the Muslim World  1776-1815,Robert J. Allison,3.62,226014908,9.78023E+12,eng,284,31,5,7/15/00,University of Chicago Press,4/15/20 11:06,4/15/20 11:06
1078,The Good Earth (House of Earth  #1),Pearl S. Buck,3.98,1416500189,9.78142E+12,eng,418,200744,7656,3/4/09,Howard Publishing Co,4/15/20 11:06,4/15/20 11:06
1090,Purpose Driven Life - For Commuters: What on Earth Am I Here For?,Rick Warren,3.93,310258979,9.78031E+12,eng,5,26,2,3/15/05,Zondervan,4/15/20 11:06,4/15/20 11:06
1097,Fast Food Nation: The Dark Side of the All-American Meal,Eric Schlosser,3.74,60838582,9.78006E+12,eng,399,190039,4922,7/5/05,Harper Perennial,4/15/20 11:06,4/15/20 11:06
1099,Fast Food Nation: What The All-American Meal is Doing to the World,Eric Schlosser,3.74,141006870,9.78014E+12,eng,384,811,77,4/4/02,Penguin Books,4/15/20 11:06,4/15/20 11:06
1103,Snow Flower and the Secret Fan,Lisa See,4.07,812968069,9.78081E+12,eng,269,297533,14935,2/21/06,Random House,4/15/20 11:06,4/15/20 11:06
1110,The Broker,John Grisham,3.78,385340540,9.78039E+12,eng,422,72361,2334,9/26/06,Delta,4/15/20 11:06,4/15/20 11:06
1111,The Power Broker: Robert Moses and the Fall of New York,Robert A. Caro,4.51,394720245,9.78039E+12,eng,1344,11208,1237,7/12/75,Vintage,4/15/20 11:06,4/15/20 11:06
1117,The Power Broker: A Novel (Christian Gillette  #3),Stephen W. Frey,3.75,345480600,9.78035E+12,eng,320,28,1,7/25/06,Ballantine Books,4/15/20 11:06,4/15/20 11:06
1120,Body For Life: 12 Weeks to Mental and Physical Strength,Bill Phillips/Michael D'Orso,3.74,60193395,9.78006E+12,en-US,201,3877,275,6/10/99,HarperCollins Publishers  Inc.,4/15/20 11:06,4/15/20 11:06
1121,Body for Life for Women: A Woman's Plan for Physical and Mental Transformation,Pamela Peeke/Cindy Crawford,3.65,1579546013,9.78158E+12,en-US,288,401,63,4/1/05,Rodale Books,4/15/20 11:06,4/15/20 11:06
1123,Eating for Life: Your Guide to Great Health  Fat Loss and Increased Energy!,Bill Phillips,3.95,972018417,9.78097E+12,eng,405,814,51,11/26/03,High Point Media,4/15/20 11:06,4/15/20 11:06
1130,The Warren Buffett Way,Robert G. Hagstrom/Bill Miller/Kenneth L. Fisher,4.13,471743674,9.78047E+12,en-US,245,228,16,10/1/05,John Wiley & Sons,4/15/20 11:06,4/15/20 11:06
1138,The Warren Buffett CEO: Secrets from the Berkshire Hathaway Managers,Robert P. Miles/Tom Osborne,4.07,471430455,9.78047E+12,eng,432,39,1,4/18/03,Wiley,4/15/20 11:06,4/15/20 11:06
1164,Monkey Business: True Story of the Scopes Trial,Marvin N. Olasky/John R. Perry,3.15,805431578,9.78081E+12,eng,368,26,8,5/15/05,B Books,4/15/20 11:06,4/15/20 11:06
1167,Junie B. Jones and a Little Monkey Business (Junie B. Jones  #2),Barbara Park/Denise Brunkus,3.99,679838864,9.78068E+12,en-US,68,11178,623,2/16/93,Random House Books for Young Readers,4/15/20 11:06,4/15/20 11:06
1169,Monkey Business,Sarah Mlynowski,3.67,373250711,9.78037E+12,eng,392,3379,67,9/24/04,Red Dress Ink,4/15/20 11:06,4/15/20 11:06
1171,Liar's Poker,Michael   Lewis,4.15,140143459,9.78014E+12,eng,256,22843,936,10/1/90,Penguin Books,4/15/20 11:06,4/15/20 11:06
1177,Liar's Poker: A Harry Garnish Mystery,Frank McConnell,3.31,802732291,9.7808E+12,eng,214,13,1,6/1/93,Walker & Company,4/15/20 11:06,4/15/20 11:06
1188,Risotto: 30 Simply Delicious Vegetarian Recipes from an Italian Kitchen,Ursula Ferrigno/Jason Lowe/Maxine  Clark,4.08,1841721476,6.94055E+11,eng,64,8,2,3/1/01,Ryland Peters & Small,4/15/20 11:06,4/15/20 11:06
1191,Giada's Family Dinners,Giada De Laurentiis/Victoria Pearson,3.96,030723827X,9.78031E+12,eng,256,14103,74,4/4/06,Clarkson Potter,4/15/20 11:06,4/15/20 11:06
1192,Everyday Italian: 125 Simple and Delicious Recipes,Giada De Laurentiis,3.95,1400052580,9.7814E+12,eng,256,40125,217,2/22/05,Clarkson Potter,4/15/20 11:06,4/15/20 11:06
1193,Everyday Pasta,Giada De Laurentiis/Victoria Pearson,4.09,307346587,9.78031E+12,eng,240,8822,55,4/3/07,Clarkson Potter,4/15/20 11:06,4/15/20 11:06
1196,Tyler's Ultimate: Brilliant Simple Food to Make Any Time,Tyler Florence/Petrina Tinslay,4.09,1400052386,9.7814E+12,eng,256,3697,34,9/26/06,Clarkson Potter,4/15/20 11:06,4/15/20 11:06
1197,Tyler Florence's Real Kitchen: An Indespensible Guide for Anybody Who Likes to Cook,Tyler Florence/JoAnn Cianciulli/Bill Bettencourt/Bobby Flay,4.06,609609971,9.78061E+12,eng,304,1426,16,3/25/03,Clarkson Potter Publishers,4/15/20 11:06,4/15/20 11:06
1198,Eat This Book: Cooking with Global Fresh Flavors,Tyler Florence/Petrina Tinslay,3.92,1400052378,9.7814E+12,eng,287,275,15,10/1/04,Clarkson Potter Publishers,4/15/20 11:06,4/15/20 11:06
1202,Freakonomics: A Rogue Economist Explores the Hidden Side of Everything,Steven D. Levitt/Stephen J. Dubner,3.97,61234001,9.78006E+12,eng,320,628745,13034,10/17/06,William Morrow,4/15/20 11:06,4/15/20 11:06
1204,Freakonomics: Un economista políticamente incorrecto explora el lado oculto de lo que nos afecta,Steven D. Levitt/Stephen J. Dubner,3.97,8466625127,9.78847E+12,spa,250,193,23,8/1/06,Ediciones B,4/15/20 11:06,4/15/20 11:06
1206,Freakonomics: A Rogue Economist Explores the Hidden Side of Everything,Steven D. Levitt/Stephen J. Dubner,3.97,61245135,9.78006E+12,en-US,496,98,5,12/8/06,Harper,4/15/20 11:06,4/15/20 11:06
1218,The Last Assassin (John Rain  #5),Barry Eisler,4.27,399153594,9.7804E+12,eng,338,189,25,6/1/06,Putnam Publishing Group,4/15/20 11:06,4/15/20 11:06
1226,Life of Pi,Yann Martel,3.91,156030209,9.78016E+12,en-US,401,4318,668,5/3/04,Mariner Books / Harvest Books,4/15/20 11:06,4/15/20 11:06
1230,L'Histoire de Pi,Yann Martel/Nicole Martel/Emile Martel,3.91,828808392,9.78083E+12,fre,448,177,26,11/24/05,Gallimard,4/15/20 11:06,4/15/20 11:06
1234,Shadows and Wind: A View of Modern Vietnam,Robert Templer,3.49,140285970,9.78014E+12,eng,400,102,8,9/1/99,Penguin Books,4/15/20 11:06,4/15/20 11:06
1241,A Million Little Pieces,James Frey,3.65,307276902,9.78031E+12,eng,515,206011,10821,9/22/05,Anchor Books,4/15/20 11:06,4/15/20 11:06
1242,A Million Little Pieces of Feces,Python Bonkers,3.56,1411677315,9.78141E+12,en-US,256,43,6,2/10/06,Lulu.com,4/15/20 11:06,4/15/20 11:06
1243,A Million Little Lies,James Pinocchio/Pablo Fenjves,3.41,61171468,9.78006E+12,en-US,191,201,24,3/28/06,William Morrow Paperbacks,4/15/20 11:06,4/15/20 11:06
1246,The Leadership Challenge,James M. Kouzes/Barry Z. Posner,4.05,787968331,9.78079E+12,en-US,458,873,40,8/7/03,Jossey-Bass,4/15/20 11:06,4/15/20 11:06
1252,Lincoln on Leadership: Executive Strategies for Tough Times,Donald T. Phillips,4.14,446394599,9.78045E+12,eng,193,5354,281,2/1/93,Business Plus,4/15/20 11:06,4/15/20 11:06
1255,Leadership in Organizations,Gary Yukl,3.68,131494848,9.78013E+12,en-GB,542,55,4,7/7/05,Prentice Hall,4/15/20 11:06,4/15/20 11:06
1265,Leadership,Rudolph W. Giuliani,3.72,316861014,9.78032E+12,eng,397,1820,147,10/1/02,Little  Brown,4/15/20 11:06,4/15/20 11:06
1274,Men Are from Mars  Women Are from Venus,John Gray,3.55,60574216,9.78006E+12,eng,368,132062,3303,4/3/12,Harper Paperbacks,4/15/20 11:06,4/15/20 11:06
1276,Mars and Venus Book of Days: 365 Inspriations to Enrich Your Relationships,John Gray,3.62,60192771,9.78006E+12,en-US,368,18,1,10/21/98,Harper,4/15/20 11:06,4/15/20 11:06
1281,Men Are from Mars  Women Are from Venus,John Gray,3.55,006123205X,9.78006E+12,eng,2,43,3,4/3/07,HarperAudio,4/15/20 11:06,4/15/20 11:06
1290,How to Succeed with Women,Ron  Louis/David Copeland,3.76,735200300,9.78074E+12,en-US,320,82,13,10/29/98,Prentice Hall Press,4/15/20 11:06,4/15/20 11:06
1295,The Clan of the Cave Bear (Earth's Children  #1),Jean M. Auel,4.05,553381679,9.78055E+12,eng,512,184418,4432,6/25/02,Bantam,4/15/20 11:06,4/15/20 11:06
1296,The Clan of the Cave Bear (Earth's Children  #1),Jean M. Auel,4.05,517542021,9.78052E+12,eng,468,495,67,5/4/80,Crown Publishing Group,4/15/20 11:06,4/15/20 11:06
1301,Moneyball: The Art of Winning an Unfair Game,Michael   Lewis,4.26,393324818,9.78039E+12,eng,317,85094,4155,3/17/04,W. W. Norton  Company,4/15/20 11:06,4/15/20 11:06
1302,Juiced Official Strategy Guide,Doug Walsh,0,744005612,9.78074E+12,eng,112,0,0,6/1/05,BradyGames,4/15/20 11:06,4/15/20 11:06
1303,The 48 Laws of Power,Robert Greene/Joost Elffers,4.18,140280197,9.78014E+12,eng,452,60946,3167,9/1/00,Penguin (Business),4/15/20 11:06,4/15/20 11:06
1305,Gates of Fire,Steven Pressfield,4.42,055338368X,9.78055E+12,eng,392,21934,1629,9/27/05,Bantam,4/15/20 11:06,4/15/20 11:06
1307,Fire Sea (The Death Gate Cycle  #3),Margaret Weis/Tracy Hickman,4.07,553295411,9.78055E+12,eng,414,16312,175,3/1/92,Spectra Books,4/15/20 11:06,4/15/20 11:06
1312,The Gate of Fire (Oath Of Empire Book Two),Thomas Harlan,3.58,812590104,9.78081E+12,en-US,721,146,4,6/18/01,Tor Classics,4/15/20 11:06,4/15/20 11:06
1315,The Afghan Campaign,Steven Pressfield,3.96,038551641X,9.78039E+12,eng,354,3002,198,7/1/06,Doubleday Books,4/15/20 11:06,4/15/20 11:06
1317,Tides of War,Steven Pressfield,3.9,553381393,9.78055E+12,eng,448,3422,157,8/28/01,Bantam,4/15/20 11:06,4/15/20 11:06
1318,Last of the Amazons,Steven Pressfield,3.76,553382047,9.78055E+12,eng,400,2138,125,7/1/03,Bantam,4/15/20 11:06,4/15/20 11:06
1319,The War of Art: Break Through the Blocks & Win Your Inner Creative Battles,Steven Pressfield/Robert McKee,4,446691437,9.78045E+12,eng,168,53653,4702,4/1/03,Warner Books,4/15/20 11:06,4/15/20 11:06
1320,Gita on the Green,Stephen J. Rosen/Steven Pressfield,3.78,826413013,9.78083E+12,en-US,176,14,2,5/30/02,Continuum,4/15/20 11:06,4/15/20 11:06
1322,Blood Stripes: The Grunt's View of the War in Iraq,David J. Danelo/Steven Pressfield,3.91,811701646,9.78081E+12,eng,340,85,6,4/24/06,Stackpole Books,4/15/20 11:06,4/15/20 11:06
1326,Phaedrus and Letters VII and VIII,Plato/Walter Hamilton,4.1,140442758,9.78014E+12,en-US,160,226,20,1/30/73,Penguin Classics,4/15/20 11:06,4/15/20 11:06
1327,Phaedrus,Plato/Robin Waterfield,3.92,192802771,9.78019E+12,eng,128,29,6,1/16/03,Oxford University Press  USA,4/15/20 11:06,4/15/20 11:06
1328,Phaedrus,Plato/C.J. Rowe,3.92,140449744,9.78014E+12,eng,176,236,22,8/25/05,Penguin Classics,4/15/20 11:06,4/15/20 11:06
1334,Lysis/Phaedrus/Symposium: Plato on Homosexuality,Plato/Benjamin Jowett,4.47,879756322,9.78088E+12,eng,157,14,0,12/1/91,Prometheus Books,4/15/20 11:06,4/15/20 11:06
1337,Enthusiasm and Divine Madness,Josef Pieper/Richard Winston/Clara Winston,4.5,189031823X,9.78189E+12,eng,125,26,4,2/11/19,St. Augustines Press,4/15/20 11:06,4/15/20 11:06
1338,On Love: Lysis/Symposium/Phaedrus/Alcibiades/Selections from Republic & Laws,Plato/C.D.C. Reeve,4.06,872207889,9.78087E+12,eng,272,154,4,6/15/06,Hackett Publishing Company  Inc.,4/15/20 11:06,4/15/20 11:06
1342,Gorgias/Phaedrus (Agora),Plato/James H. Nichols Jr.,4.35,801435307,9.7808E+12,eng,233,18,1,9/1/98,Cornell University Press,4/15/20 11:06,4/15/20 11:06
1351,Statesman,Plato/C.J. Rowe,3.85,872204626,9.78087E+12,eng,128,28,7,3/15/99,Hackett Publishing Company  Inc.,4/15/20 11:06,4/15/20 11:06
1354,Gorgias,Plato/Walter Hamilton/Chris Emlyn-Jones,3.95,140449043,9.78014E+12,en-GB,208,8186,198,1/29/04,Penguin Classics,4/15/20 11:06,4/15/20 11:06
1362,The Histories,Herodotus/Aubrey de Sélincourt/John M. Marincola,3.99,140449086,9.78014E+12,eng,716,34727,597,1/30/03,Penguin Books,4/15/20 11:06,4/15/20 11:06
1363,The Histories,Herodotus/Aubrey de Sélincourt/John M. Marincola,3.99,140446389,9.78014E+12,eng,622,227,18,9/1/54,Penguin Classics,4/15/20 11:06,4/15/20 11:06
1364,The History (Great Minds),Herodotus/Henry Francis Cary,3.99,879757779,9.78088E+12,en-US,613,2,0,11/1/92,Prometheus Books,4/15/20 11:06,4/15/20 11:06
1365,The Histories,Herodotus/Carolyn Dewald/Robin Waterfield,3.99,192824252,9.78019E+12,eng,772,271,41,11/19/98,Oxford University Press,4/15/20 11:06,4/15/20 11:06
1366,The Histories,Herodotus/Aubrey de Sélincourt/Andrew Robert Burn,3.99,140440348,9.78014E+12,en-US,653,143,17,8/30/70,Penguin Classics,4/15/20 11:06,4/15/20 11:06
1367,The Histories,Herodotus/Jennifer Tolbert Roberts/Walter Blanco,3.99,393959465,9.78039E+12,en-US,464,40,5,1/17/92,W.W. Norton & Company,4/15/20 11:06,4/15/20 11:06
1368,The Histories,Herodotus/Edward Henry Blakeney/George Rawlinson/Rosalind Thomas,3.99,375400613,9.78038E+12,en-US,816,132,10,3/25/97,Everyman's Library 234,4/15/20 11:06,4/15/20 11:06
1369,The History,Herodotus/Peter Grene,3.99,226327701,9.78023E+12,en-US,710,36,6,3/14/87,University of Chicago Press,4/15/20 11:06,4/15/20 11:06
1371,The Iliad,Homer/Robert Fagles/Bernard Knox,3.86,140275363,9.78014E+12,eng,683,288792,3423,4/29/99,Penguin Classics,4/15/20 11:06,4/15/20 11:06
1373,Iliad,Homer/Stanley Lombardo/Sheila Murnaghan,3.86,872203522,9.78087E+12,en-US,574,1058,137,3/12/97,Hackett Publishing Company  Inc.,4/15/20 11:06,4/15/20 11:06
1374,The Iliad,Homer/Robert Fitzgerald/Andrew Ford,3.86,374529051,9.78037E+12,en-US,588,692,81,4/3/04,Farrar  Straus and Giroux,4/15/20 11:06,4/15/20 11:06
1375,The Iliad/The Odyssey,Homer/Robert Fagles/Bernard Knox,4.04,147712556,9.78015E+12,eng,1556,54939,380,11/1/99,Penguin Classics,4/15/20 11:06,4/15/20 11:06
1376,The Iliad,Homer/E.V. Rieu/Peter Jones/D.C.H. Rieu,3.86,140447946,9.78014E+12,eng,462,1919,118,1/30/03,Penguin Classics,4/15/20 11:06,4/15/20 11:06
1377,The Iliad,Homer/W.H.D. Rouse,3.86,451527372,9.78045E+12,en-US,312,158,15,8/1/99,Signet Classics,4/15/20 11:06,4/15/20 11:06
1378,The Essential Iliad,Homer/Sheila Murnaghan/Stanley Lombardo,3.86,872205428,9.78087E+12,en-US,216,212,18,9/15/00,Hackett Publishing Company  Inc.,4/15/20 11:06,4/15/20 11:06
1381,The Odyssey,Homer/Robert Fagles/Bernard Knox,3.76,143039954,9.78014E+12,eng,541,760871,6557,11/30/06,Penguin Classics,4/15/20 11:06,4/15/20 11:06
1382,The Odyssey,Homer/Robert Fitzgerald/D.S. Carne-Ross,3.76,374525749,9.78037E+12,eng,515,1713,179,11/5/98,Farrar  Straus and Giroux,4/15/20 11:06,4/15/20 11:06
1383,The Odyssey,Homer/Richmond Lattimore,3.76,60931957,9.78006E+12,eng,374,1131,78,6/1/99,Harper Perennial,4/15/20 11:06,4/15/20 11:06
1384,The Odyssey,Homer/E.V. Rieu/Peter Jones/D.C.H. Rieu,3.76,140449116,9.78014E+12,eng,324,2543,167,1/30/03,Penguin Classics,4/15/20 11:06,4/15/20 11:06
1387,The Odyssey,Homer/W.H.D. Rouse,3.76,451527364,9.78045E+12,eng,304,262,24,8/1/99,Signet Classics,4/15/20 11:06,4/15/20 11:06
1391,Aeneid: Selections from Books 1  2  4  6  10  12,Virgil/Barbara Weiden Boyd,4.35,086516584X,9.78087E+12,eng,161,69,6,1/1/01,Bolchazy-Carducci Publishers,4/15/20 11:06,4/15/20 11:06
1402,Eclogues. Georgics. Aeneid: Books 1-6,Virgil/Henry Rushton Fairclough/G.P. Goold,4.22,067499583X,9.78067E+12,mul,607,414,10,10/1/99,Harvard University Press,4/15/20 11:06,4/15/20 11:06
1403,City Eclogue,Ed Roberson,4.13,1891190237,9.78189E+12,eng,136,67,7,1/30/06,Atelos Press,4/15/20 11:06,4/15/20 11:06
1405,The Eclogues and The Georgics,Virgil/Cecil Day-Lewis,3.8,192837680,9.78019E+12,eng,180,259,15,9/2/99,Oxford University Press,4/15/20 11:06,4/15/20 11:06
1408,Paul Kirk's Championship Barbecue Sauces: 175 Make-Your-Own Sauces  Marinades  Dry Rubs  Wet Rubs  Mops and Salsas,Paul  Kirk,3.94,155832125X,9.78156E+12,eng,272,55,0,12/3/97,Harvard Common Press,4/15/20 11:06,4/15/20 11:06
1417,The Complete Pelican Shakespeare,William Shakespeare/Stephen Orgel/A.R. Braunmuller,4.5,141000589,9.78014E+12,eng,1808,578,25,11/7/02,Viking,4/15/20 11:06,4/15/20 11:06
1419,The Complete Works,William Shakespeare,4.5,517092948,9.78052E+12,eng,1248,62,6,10/13/91,Gramercy,4/15/20 11:06,4/15/20 11:06
1420,Hamlet,William Shakespeare/Harold Bloom/Rex Gibson,4.02,521618746,9.78052E+12,eng,289,609271,7139,8/1/05,Cambridge University Press,4/15/20 11:06,4/15/20 11:06
1423,The Compleat Works of Wllm Shkspr (abridged),Reduced Shakespeare Company/Adam Long/Daniel Singer/Jess Winfield,4.44,1557831572,9.78156E+12,eng,137,8159,118,2/1/94,Applause Books,4/15/20 11:06,4/15/20 11:06
1424,The Pilgrimage: A Contemporary Quest for Ancient Wisdom,Paulo Coelho/Alan R. Clarke,3.64,006251279X,9.78006E+12,en-US,272,888,92,5/1/95,HarperOne,4/15/20 11:06,4/15/20 11:06
1425,The Valkyries,Paulo Coelho/Alan R. Clarke,3.31,62513346,9.78006E+12,en-US,212,1204,79,9/28/96,HarperOne,4/15/20 11:06,4/15/20 11:06
1426,Warrior of the Light,Paulo Coelho,3.7,60527986,9.78006E+12,en-US,142,22662,945,3/30/04,HarperOne,4/15/20 11:06,4/15/20 11:06
1427,The Zahir,Paulo Coelho/Margaret Jull Costa,3.57,60832819,9.78006E+12,eng,336,58917,2575,7/3/06,HarperOne,4/15/20 11:06,4/15/20 11:06
1428,By the River Piedra I Sat Down and Wept,Paulo Coelho/Alan R. Clarke,3.57,61122092,9.78006E+12,eng,208,70760,2702,5/23/06,HarperOne,4/15/20 11:06,4/15/20 11:06
1429,The Fifth Mountain,Paulo Coelho/Clifford E. Landers,3.62,60930136,9.78006E+12,en-US,256,1415,68,4/26/00,HarperOne,4/15/20 11:06,4/15/20 11:06
1431,Veronika Decides to Die,Paulo Coelho/Margaret Jull Costa/Kâmuran Şipal,3.7,61124265,9.78006E+12,eng,210,132064,5452,6/1/06,Harper Perennial,4/15/20 11:06,4/15/20 11:06
1433,Hamlet,William Shakespeare/Stephen Orgel/A.R. Braunmuller,4.02,140714545,9.78014E+12,eng,148,1658,125,12/1/01,Penguin Books,4/15/20 11:06,4/15/20 11:06
1437,Cliffs Notes on Shakespeare's Hamlet,Carla Lynn Stockton,3.69,764586033,9.78076E+12,en-US,129,65,6,5/30/00,Cliffs Notes,4/15/20 11:06,4/15/20 11:06
1438,Shakespeare's Hamlet,William Shakespeare/Terri Mategrano,4.02,764585681,9.78076E+12,eng,240,102,16,5/29/00,Cliffs Notes,4/15/20 11:06,4/15/20 11:06
1439,Hamlet's Mill: An Essay Investigating the Origins of Human Knowledge and Its Transmission Through Myth,Giorgio De Santillana/Hertha Von Dechend,4.29,879232153,9.78088E+12,eng,450,489,57,3/24/15,Nonpareil Books,4/15/20 11:06,4/15/20 11:06
1440,History of the Peloponnesian War: Bk. 1-2,Thucydides/C.F. Smith,4.32,674991206,9.78067E+12,mul,496,208,7,1/1/19,Harvard University Press,4/15/20 11:06,4/15/20 11:06
1441,On Justice  Power and Human Nature: Selections from The History of the Peloponnesian War,Thucydides/Paul Woodruff,3.72,872201686,9.78087E+12,eng,172,610,15,10/1/93,Hackett Publishing Company  Inc.,4/15/20 11:06,4/15/20 11:06
1444,History of the Peloponnesian War: Bk. 5-6,Thucydides/C.F. Smith,4.35,674991222,9.78067E+12,mul,400,38,0,1/1/21,Harvard University Press,4/15/20 11:06,4/15/20 11:06
1445,The Peloponnesian War,Thucydides/Steven Lattimore,3.9,872203948,9.78087E+12,eng,530,154,21,6/1/98,Hackett Publishing Company  Inc.,4/15/20 11:06,4/15/20 11:06
1449,The Peloponnesian War: A New Translation  Backgrounds  Interpretations,Thucydides/Jennifer Tolbert Roberts/Walter Blanco,3.9,393971678,9.78039E+12,eng,554,24,4,7/17/98,W. W. Norton & Company,4/15/20 11:06,4/15/20 11:06
1459,History of the Peloponnesian War  Bk. 7-8,Thucydides/C.F. Smith,4.29,674991877,9.78067E+12,eng,480,35,0,1/1/23,Harvard University Press,4/15/20 11:06,4/15/20 11:06
1461,Thucydides  Book 6 Commentary,Cynthia W. Shelmerdine,4.5,929524357,9.78093E+12,eng,34,2,0,1/30/89,Bryn Mawr Commentaries,4/15/20 11:06,4/15/20 11:06
1462,Euripides I: Alcestis / The Medea / The Heracleidae / Hippolytus,Euripides/Richmond Lattimore/David Grene/Rex Warner/Ralph Gladstone,4.03,226307808,9.78023E+12,eng,221,4483,56,2/15/55,University of Chicago Press,4/15/20 11:06,4/15/20 11:06
1463,Euripides V: Electra / The Phoenician Women / The Bacchae,Euripides/David Grene/Richmond Lattimore/Emily Townsend Vermeule/Elizabeth Wyckoff/William Arrowsmith,4.21,226307840,9.78023E+12,eng,228,3334,46,1/15/69,University of Chicago Press,4/15/20 11:06,4/15/20 11:06
1465,Euripides IV: Rhesus / The Suppliant Women / Orestes / Iphigenia in Aulis,Euripides/David Grene/Richmond Lattimore/William Arrowsmith/Frank William Jones/Charles R. Walker,4.21,226307832,9.78023E+12,eng,307,560,8,11/15/68,University of Chicago Press,4/15/20 11:06,4/15/20 11:06
1466,Grief Lessons: Four Plays by Euripides,Anne Carson/Euripides,4.4,1590171802,9.78159E+12,eng,312,679,85,8/1/06,New York Review of Books,4/15/20 11:06,4/15/20 11:06
1467,Ten Plays,Euripides/Moses Hadas/John Maclean,4.17,553213636,9.78055E+12,en-US,432,1464,21,8/1/90,Bantam Classics,4/15/20 11:06,4/15/20 11:06
1468,Euripides III: Hecuba / Andromache / The Trojan Women / Ion (Complete Greek Tragedies  #7),Euripides/David Grene/Richmond Lattimore/William Arrowsmith/John Frederick Nims/Ronald Frederick Willetts,4,226307824,9.78023E+12,eng,255,541,15,1/15/92,University of Chicago Press,4/15/20 11:06,4/15/20 11:06
1470,Euripides II: The Cyclops / Heracles / Iphigenia in Tauris / Helen,Euripides/David Grene/Richmond Lattimore/Witter Bynner/William Arrowsmith,4.31,226307816,9.78023E+12,eng,264,790,12,4/15/02,University of Chicago Press,4/15/20 11:06,4/15/20 11:06
1473,Medea and Other Plays,Euripides/John Davie/Richard Rutherford,4.03,140449299,9.78014E+12,eng,206,9197,120,3/27/03,Penguin Books,4/15/20 11:06,4/15/20 11:06
1474,Cyclops / Alcestis / Medea,Euripides/David Kovacs,4.23,674995600,9.78067E+12,mul,432,61,4,1/1/94,Loeb Classical Library,4/15/20 11:06,4/15/20 11:06
1475,Medea,Euripides/Donald J. Mastronarde,3.87,521643864,9.78052E+12,grc,431,201,9,9/16/02,Cambridge University Press,4/15/20 11:06,4/15/20 11:06
1476,The Bacchae and Other Plays,Euripides/John Davie/Richard Rutherford,4.14,140447261,9.78014E+12,eng,360,164,8,1/26/06,Penguin Classics,4/15/20 11:06,4/15/20 11:06
1479,Bakkhai,Euripides/Reginald Gibbons/Peter H. Burian,3.88,195125983,9.7802E+12,eng,160,154,13,2/22/01,Oxford University Press  USA,4/15/20 11:06,4/15/20 11:06
1480,Plays 1: Medea/The Phoenician Women/Bacchae,Euripides/David Thompson/J. Michael Walton,3.78,413752801,9.78041E+12,eng,192,9,0,11/9/00,Bloomsbury Methuen Drama,4/15/20 11:06,4/15/20 11:06
1486,The Trojan Women and Hippolytus,Euripides,3.63,486424626,9.78049E+12,eng,64,34,4,7/17/02,Dover Publications,4/15/20 11:06,4/15/20 11:06
1488,The Bacchae of Euripides: A Communion Rite,Wole Soyinka,3.86,393325830,9.78039E+12,eng,128,116,6,7/17/04,W. W. Norton  Company,4/15/20 11:06,4/15/20 11:06
1489,Orestes and Other Plays,Euripides/James Morwood/Robin Waterfield,4.1,192832603,9.78019E+12,eng,282,158,2,12/20/01,Oxford University Press,4/15/20 11:06,4/15/20 11:06
1491,Children of Heracles / Hippolytus / Andromache / Hecuba,Euripides/David Kovacs,4.26,674995333,9.78067E+12,mul,528,27,5,2/15/95,Loeb Classical Library,4/15/20 11:06,4/15/20 11:06
1494,Alcestis,Euripides/William Arrowsmith,3.83,195061667,9.7802E+12,eng,142,1950,95,2/1/90,Oxford University Press  USA,4/15/20 11:06,4/15/20 11:06
1495,Suppliant Women / Electra / Heracles,Euripides/David Kovacs,4.47,067499566X,9.78067E+12,mul,464,30,4,9/1/98,Loeb Classical Library,4/15/20 11:06,4/15/20 11:06
1499,Medea,Euripides/Georgia Ann Machemer/Michael   Collier,3.87,195145666,9.7802E+12,eng,116,367,35,8/10/06,Oxford University Press  USA,4/15/20 11:06,4/15/20 11:06
1504,Euripides: Medea,William Allan,4.04,071563187X,9.78072E+12,eng,160,23,1,10/31/02,Bristol Classical Press,4/15/20 11:06,4/15/20 11:06
1506,CliffsNotes on Euripides' Medea and Electra,Robert J. Milch,4.2,822004240,9.78082E+12,eng,69,5,0,9/13/65,Cliffs Notes,4/15/20 11:06,4/15/20 11:06
1509,Trojan Women / Iphigenia Among the Taurians / Ion,Euripides/David Kovacs,4.03,674995740,9.78067E+12,mul,528,29,2,12/1/99,Loeb Classical Library,4/15/20 11:06,4/15/20 11:06
1510,Helen / Phoenician Women / Orestes,Euripides/David Kovacs,4.07,674996003,9.78067E+12,mul,605,25,3,6/15/02,Loeb Classical Library,4/15/20 11:06,4/15/20 11:06
1511,Euripides: Iphigenia at Aulis (Companions to Greek & Roman Tragedy),Euripides/Pantelis Michelakis,4.03,715629948,9.78072E+12,eng,144,12,1,3/9/06,Bristol Classical Press,4/15/20 11:06,4/15/20 11:06
1515,The Complete Greek Tragedies  Volume 3: Euripides,Euripides/David Grene/Richmond Lattimore,4.43,226307662,9.78023E+12,eng,672,46,7,8/1/92,University of Chicago Press,4/15/20 11:06,4/15/20 11:06
1516,Aeschylus I: Oresteia (Agamemnon  The Libation Bearers  The Eumenides),Aeschylus/David Grene/Richmond Lattimore,4.02,226307786,9.78023E+12,en-US,171,712,53,5/15/69,University of Chicago Press,4/15/20 11:06,4/15/20 11:06
1517,Aeschylus II: The Suppliant Maidens  The Persians  Seven against Thebes  and Prometheus Bound (The Complete Greek Tragedies),Aeschylus/David Grene/Richmond Lattimore/Seth Benardete,4.1,226307948,9.78023E+12,eng,188,389,26,2/1/92,University of Chicago Press,4/15/20 11:06,4/15/20 11:06
1518,The Oresteia,Aeschylus/Alan Shapiro/Peter H. Burian,4.02,019513592X,9.7802E+12,eng,304,77,7,10/7/04,Oxford University Press  USA,4/15/20 11:06,4/15/20 11:06
1519,The Oresteia: Agamemnon  The Libation Bearers  The Eumenides,Aeschylus/Robert Fagles/William Bedell Stanford,4.02,140443339,9.78014E+12,eng,335,28726,591,2/7/84,Penguin Classics,4/15/20 11:06,4/15/20 11:06
1521,Oresteia,Aeschylus/Peter Meineck/Helene P. Foley,4.02,872203905,9.78087E+12,eng,224,303,21,9/15/98,Hackett Publishing Company  Inc.,4/15/20 11:06,4/15/20 11:06
1523,Prometheus Bound and Other Plays,Aeschylus/Philip Vellacott,4.1,140441123,9.78014E+12,eng,160,4303,62,8/30/61,Penguin Books,4/15/20 11:06,4/15/20 11:06
1525,The Oresteia,Aeschylus/Ted Hughes,4.02,374527059,9.78037E+12,en-US,208,215,25,9/4/04,Farrar  Straus and Giroux,4/15/20 11:06,4/15/20 11:06
1526,Aeschylus  1: The Oresteia: Agamemnon/The Libation Bearers/The Eumenides,Aeschylus/David R. Slavitt/Smith Palmer Bovie,4.02,081221627X,9.78081E+12,eng,178,12,3,11/1/97,University of Pennsylvania Press,4/15/20 11:06,4/15/20 11:06
1527,The Complete Greek Tragedies  Volume 1: Aeschylus,Aeschylus/Richmond Lattimore/David Grene,4.1,226307646,9.78023E+12,eng,358,74,7,8/1/92,University of Chicago Press,4/15/20 11:06,4/15/20 11:06
1529,Aeschylus: The Oresteia (A Student Guide: Landmarks of World Literature),Simon Goldhill,4.03,521539811,9.78052E+12,eng,95,31,3,1/22/04,Cambridge University Press,4/15/20 11:06,4/15/20 11:06
1530,The Oresteia: Agamemnon  Choephoroe & Eumenides (Everyman's Library  No. 260),Aeschylus/George Thomson/Richard Seaford,4.02,1400041929,9.7814E+12,eng,127,63,8,1/20/04,Everyman's Library,4/15/20 11:06,4/15/20 11:06
1531,Aeschylus 2: The Persians/Seven Against Thebes/The Suppliants/Prometheus Bound,Aeschylus/David R. Slavitt/Smith Palmer Bovie,4.1,812216717,9.78081E+12,en-GB,232,12,2,1/1/98,University of Pennsylvania Press,4/15/20 11:06,4/15/20 11:06
1532,The Oresteia Trilogy: Agamemnon/The Libation-Bearers/The Furies,Aeschylus/E.D.A. Morshead,4.02,486292428,9.78049E+12,eng,151,89,8,9/24/96,Dover Publications,4/15/20 11:06,4/15/20 11:06
1533,The Suppliant Maidens/The Persians/Seven against Thebes/Prometheus Bound,Aeschylus/E.D.A. Morshead,4.1,1419150014,9.78142E+12,eng,208,1,0,6/17/04,Kessinger Publishing,4/15/20 11:06,4/15/20 11:06
1536,Sophocles II: Ajax/Women of Trachis/Electra/Philoctetes (Complete Greek Tragedies 4),Sophocles/David Grene/Richmond Lattimore/John Moore/Michael Jameson,4.14,226307867,9.78023E+12,eng,254,5032,36,5/15/69,University of Chicago Press,4/15/20 11:06,4/15/20 11:06
1537,The Oedipus Plays of Sophocles: Oedipus the King; Oedipus at Colonus; Antigone,Sophocles/Paul Roche,3.97,452011671,9.78045E+12,eng,288,553,46,5/1/96,Plume,4/15/20 11:06,4/15/20 11:06
1538,The Complete Plays,Sophocles/Paul Roche,4.27,451527844,9.78045E+12,eng,420,2883,40,3/1/01,New American Library,4/15/20 11:06,4/15/20 11:06
1540,The Oedipus Cycle: Oedipus Rex  Oedipus at Colonus  Antigone,Sophocles/Robert Fitzgerald/Dudley Fitts,3.97,015602764X,9.78016E+12,eng,259,45589,726,11/1/02,Mariner Books,4/15/20 11:06,4/15/20 11:06
1542,The Three Theban Plays: Antigone  Oedipus the King  Oedipus at Colonus,Sophocles/Robert Fagles/Bernard Knox,3.97,140444254,9.78014E+12,eng,430,2979,288,1/3/00,Penguin Books,4/15/20 11:06,4/15/20 11:06
1546,Theban Plays,Sophocles/Peter Meineck/Paul Woodruff,3.97,872205851,9.78087E+12,en-US,304,109,7,3/15/03,Hackett Publishing Company  Inc.,4/15/20 11:06,4/15/20 11:06
1547,The Theban Plays (Everyman's Library  #93),Sophocles/David Grene/Charles Segal,3.97,679431322,9.78068E+12,en-US,223,52,3,10/18/94,Alfred A. Knopf,4/15/20 11:06,4/15/20 11:06
1548,Electra and Other Plays,Sophocles/E.F. Watling,4.14,140440283,9.78014E+12,eng,218,135,9,4/30/53,Penguin,4/15/20 11:06,4/15/20 11:06
1549,Antigone; Oedipus the Kingn; Electra,Sophocles/Edith Hall/H.D.F. Kitto,3.94,192835882,9.78019E+12,eng,178,13358,199,9/17/98,Oxford University Press,4/15/20 11:06,4/15/20 11:06
1554,Oedipus Rex  (The Theban Plays  #1),Sophocles/J.E. Thomas,3.7,1580495931,9.78158E+12,eng,75,141555,1776,6/22/06,Prestwick House - (Literary Touchstone Classic),4/15/20 11:06,4/15/20 11:06
1555,The Oedipus Plays of Sophocles,Sophocles/Paul Roche,3.97,451621603,9.78045E+12,eng,390,8,1,9/1/58,Signet Books (NY),4/15/20 11:06,4/15/20 11:06
1558,Oedipus Rex (Greek and Latin Classics),Sophocles/Roger D. Dawe,3.7,521617359,9.78052E+12,grc,214,218,1,8/1/06,Cambridge University Press,4/15/20 11:06,4/15/20 11:06
1559,Oedipus the King,Sophocles/Bernard Knox/Cynthia Brantley Johnson,3.7,1416500332,9.78142E+12,eng,144,740,57,7/1/05,Simon  Schuster,4/15/20 11:06,4/15/20 11:06
1560,Four Plays: The Clouds/The Birds/Lysistrata/The Frogs,Aristophanes/William Arrowsmith/Richmond Lattimore/Douglass Parker,4.06,452007178,9.78045E+12,eng,624,6086,79,11/1/84,Plume,4/15/20 11:06,4/15/20 11:06
1561,Three Plays by Aristophanes: Lysistrata/Women at the Thesmophoria/Assemblywomen,Aristophanes/Jeffrey Henderson,3.94,415907446,9.78042E+12,eng,256,96,8,8/27/96,Routledge,4/15/20 11:06,4/15/20 11:06
1562,The Complete Plays,Aristophanes/Moses Hadas,4.21,553213431,9.78055E+12,eng,577,1998,33,3/1/84,Bantam Classics,4/15/20 11:06,4/15/20 11:06
1563,Aristophanes 1: The Acharnians/Peace/Celebrating Ladies/Wealth,Aristophanes/David R. Slavitt,3.83,812234561,9.78081E+12,eng,336,4,0,1/29/98,University of Pennsylvania Press,4/15/20 11:06,4/15/20 11:06
1566,Clouds/Wasps/Birds (Aristophanes 1),Aristophanes/Peter Meineck,3.77,872203611,9.78087E+12,eng,480,1,0,9/15/98,Hackett Publishing Company  Inc.,4/15/20 11:06,4/15/20 11:06